0,1,2,3,4,5,6,7,8,9,10,11,12,13,14,15,16,17,18,19,20,21,22,23,24,25,26,27,28,29,30,31,32,33,34,35,36,37,38,39,40,41,42,43,44,45,46,47,48,49,50,51,52,53,54,55,56,57,58,59,60,61,62,63,64,65,66,67,68,69,70,71,72,73,74,75,76,77,78,79,80,81,82,83,84,85,86,87,88,89,90,91,92,93,94,95,96,97,98,99,100,101,102,103,104,105,106,107,108,109,110,111,112,113,114,115,116,117,118,119,120,121,122,123,124,125,126,127,128,129,130,131,132,133,134,135,136,137,138,139,140,141,142,143,144,145,146,147,148,149,150,151,152,153,154,155,156,157,158,159,160,161,162,163,164,165,166,167,168,169,170,171,172,173,174,175,176,177,178,179,180,181,182,183,184,185,186,187,188,189,190,191,192,193,194,195,196,197,198,199
7.154442310333252,1.3025649785995483,2.2179980278015137,3.1009275913238525,2.7483808994293213,3.1290924549102783,1.1766515970230103,7.841543674468994,0.16923783719539642,0.3091515600681305,0.006012885365635157,4.396613597869873,3.3240740299224854,4.423271179199219,-0.31368425488471985,0.18718938529491425,-0.5881649255752563,6.888895511627197,22.646011352539062,16.89236831665039,1.0932127237319946,0.6825159788131714,-0.19349879026412964,0.4204639792442322,1.4800814390182495,-1.6285449266433716,0.008129561319947243,0.4941571354866028,0.35352379083633423,6.580081939697266,0.37745916843414307,0.6891829967498779,0.13995516300201416,0.3588647246360779,-0.005369202233850956,-0.0015752173494547606,0.28599438071250916,0.38739675283432007,0.17385563254356384,1.0615882873535156,0.23010240495204926,0.47313782572746277,-0.08896390348672867,0.659376323223114,0.13375259935855865,0.12752969563007355,0.14981277287006378,0.31079670786857605,0.365190714597702,0.17911306023597717,0.6936455368995667,0.5270419120788574,0.48177894949913025,0.552204966545105,0.3102824091911316,0.3794441819190979,0.32087773084640503,0.5529864430427551,0.30909135937690735,0.4915712773799896,0.274158239364624,0.7505293488502502,0.28435367345809937,0.3117583692073822,0.7850838303565979,0.0877348855137825,0.4916067123413086,0.2762296497821808,0.4831737279891968,0.5681272149085999,0.2279263138771057,0.2592681348323822,0.3015117943286896,0.34389880299568176,0.15235157310962677,0.36683279275894165,0.6463764309883118,0.2923312187194824,0.3565651774406433,0.40339359641075134,0.4234636425971985,0.23404553532600403,0.3305370807647705,0.4716949760913849,0.5311577320098877,0.3828272223472595,0.15453219413757324,0.2981616258621216,0.18359804153442383,0.332057386636734,0.21171997487545013,0.4216710031032562,0.32015979290008545,0.2983795404434204,0.26985403895378113,0.4046061933040619,0.27531588077545166,0.151521235704422,0.29905232787132263,0.25783950090408325,0.23697146773338318,0.1778237372636795,0.13690105080604553,0.16050800681114197,1.2552393674850464,0.3609820008277893,0.26135411858558655,0.3334031105041504,0.4402892589569092,0.30661800503730774,0.26577427983283997,0.35108664631843567,0.5348653793334961,0.273853600025177,0.6470232009887695,0.5833768248558044,0.5436015129089355,0.16034352779388428,0.5027472972869873,0.29865095019340515,0.41166460514068604,0.3522484004497528,0.285753071308136,0.17080575227737427,0.3181387782096863,0.37419620156288147,0.030826386064291,0.4346928298473358,0.5850164890289307,0.5302969813346863,0.4355531632900238,0.13702857494354248,0.19379262626171112,0.3473988175392151,0.16947384178638458,0.24945268034934998,0.2869111895561218,0.39161136746406555,0.6016843914985657,0.32879912853240967,0.20552164316177368,0.4486221671104431,0.34869736433029175,0.3019590675830841,0.387055367231369,0.44933921098709106,0.2528119683265686,0.20448069274425507,0.1153891459107399,0.4411678910255432,0.18381191790103912,0.2917514145374298,0.3253006339073181,0.2360043227672577,0.3792279064655304,0.4872131645679474,0.4150327742099762,0.13887667655944824,0.30453264713287354,0.6836857199668884,0.3716852366924286,0.40560847520828247,0.3631744086742401,0.23465293645858765,0.16660964488983154,0.4655516743659973,0.22911998629570007,0.2729838788509369,0.5344141125679016,0.3076368272304535,0.26934921741485596,0.43258264660835266,0.47721701860427856,0.3909091353416443,0.31414636969566345,0.058306992053985596,0.19724570214748383,0.15002509951591492,0.518285870552063,0.28178390860557556,0.3750164806842804,0.2507723867893219,0.4116506278514862,0.33565184473991394,0.36408883333206177,0.4128625988960266,0.5461780428886414,0.3414558172225952,0.15407121181488037,0.3428058326244354,0.408452570438385,0.25829508900642395,0.11582617461681366,0.26970764994621277,0.25625312328338623,0.20527654886245728,0.3597133457660675,0.35540640354156494,0.23418451845645905,0.25727972388267517
7.033098220825195,1.30219304561615,2.052260160446167,2.9477736949920654,2.7486133575439453,1.946160912513733,1.273577094078064,7.8090596199035645,0.13648907840251923,0.40225717425346375,0.006014268845319748,4.3505449295043945,3.656482696533203,3.7751522064208984,0.094981849193573,0.6878030300140381,-0.5249670147895813,6.108853816986084,23.352237701416016,15.313972473144531,1.4323338270187378,0.8593905568122864,-0.24072623252868652,0.4100279211997986,1.5187923908233643,-3.489610433578491,0.008021610789000988,0.748196542263031,0.3187048137187958,4.5613908767700195,0.3973022401332855,1.141188144683838,0.204203262925148,0.373403936624527,-0.017032021656632423,-0.4671775698661804,0.3839195966720581,0.38733944296836853,0.3584274649620056,0.5735154747962952,0.29687264561653137,1.1126503944396973,-0.47003185749053955,1.2172399759292603,0.0030583052430301905,0.06733127683401108,0.9269930124282837,0.2865217924118042,0.3400915265083313,0.20694491267204285,0.5306154489517212,0.37908071279525757,0.3561837077140808,0.5014922022819519,0.27820324897766113,0.3363814353942871,0.27417001128196716,0.4753737151622772,0.29377180337905884,0.47038790583610535,0.265861451625824,0.3515317440032959,0.2920519709587097,0.29431140422821045,0.693217396736145,0.10280469059944153,0.4186679720878601,0.2234446406364441,0.37810084223747253,0.48462218046188354,0.21035172045230865,0.24332872033119202,0.26478245854377747,0.34841907024383545,0.14225120842456818,0.27593523263931274,0.6245501637458801,0.28646618127822876,0.3241434693336487,0.4192992150783539,0.4180924892425537,0.2398226261138916,0.31138914823532104,0.4542008340358734,0.4738907814025879,0.26509755849838257,0.16083121299743652,0.2993970215320587,0.1643277257680893,0.3173118829727173,0.21168851852416992,0.37124907970428467,0.2380199283361435,0.2654041051864624,0.22548361122608185,0.37711864709854126,0.2521924674510956,0.14625732600688934,0.3118995130062103,0.2756079435348511,0.2452983856201172,0.17896030843257904,0.1404973864555359,0.16549339890480042,0.9542879462242126,0.40557631850242615,0.26095205545425415,0.3100578784942627,0.3992078900337219,0.28202685713768005,0.26922303438186646,0.28893038630485535,0.46400195360183716,0.2867504954338074,0.6082306504249573,0.5318780541419983,0.46484267711639404,0.15554802119731903,0.4183882176876068,0.27618053555488586,0.39733803272247314,0.3577440083026886,0.2707035541534424,0.19563555717468262,0.27786242961883545,0.3534010648727417,-0.039651259779930115,0.4014403522014618,0.5460596680641174,0.46498215198516846,0.3029743432998657,0.16878966987133026,0.19776995480060577,0.33410605788230896,0.17233259975910187,0.24274376034736633,0.24946312606334686,0.36489337682724,0.4867568910121918,0.34223899245262146,0.18580594658851624,0.40748268365859985,0.3496706485748291,0.2454514503479004,0.269913911819458,0.4068232774734497,0.18387091159820557,0.21520452201366425,0.09959135949611664,0.3804563879966736,0.18566517531871796,0.3456420302391052,0.28331583738327026,0.18536348640918732,0.29331865906715393,0.4210793972015381,0.37381380796432495,0.15756025910377502,0.3537273705005646,0.47911638021469116,0.298427015542984,0.3633556067943573,0.3264099061489105,0.2145155817270279,0.16960656642913818,0.450215607881546,0.2073454111814499,0.24704758822917938,0.484999418258667,0.24316564202308655,0.23943254351615906,0.4315776228904724,0.4574359357357025,0.28821098804473877,0.2771696448326111,0.06527548283338547,0.2098401039838791,0.14668044447898865,0.42636004090309143,0.30638712644577026,0.35670754313468933,0.2658960521221161,0.407000333070755,0.2947695851325989,0.3380553126335144,0.3818556070327759,0.43336865305900574,0.30225783586502075,0.15393124520778656,0.28883326053619385,0.4255906045436859,0.2805887758731842,0.13346737623214722,0.2459094226360321,0.24829694628715515,0.2253786027431488,0.32705652713775635,0.29428309202194214,0.21799543499946594,0.2714848518371582
6.980120658874512,1.302061915397644,2.078962802886963,2.838590145111084,2.748854875564575,0.7832118272781372,1.3921456336975098,7.8105244636535645,0.12656939029693604,0.43711382150650024,0.0060154167003929615,4.072253227233887,3.673330068588257,3.305859088897705,0.3273864984512329,1.1465661525726318,-0.38297247886657715,5.6591877937316895,22.89645004272461,14.142255783081055,1.5101760625839233,0.9081099629402161,-0.3289550542831421,0.3838719427585602,1.560441493988037,-5.306873798370361,0.007990834303200245,0.7675308585166931,0.2266462743282318,3.140183210372925,0.41084763407707214,1.7719553709030151,0.369571328163147,0.38350775837898254,-0.028863582760095596,-0.8103429675102234,0.5411047339439392,0.39010167121887207,0.5135764479637146,0.5060827732086182,0.38198503851890564,2.3017656803131104,-0.9585302472114563,2.151667594909668,-0.2563492953777313,0.02467704750597477,5.112390518188477,0.2673504650592804,0.3158715069293976,0.23352721333503723,0.4901319742202759,0.3312370181083679,0.2666734457015991,0.46833693981170654,0.23119306564331055,0.296108603477478,0.24997811019420624,0.3770548403263092,0.2716229557991028,0.30186402797698975,0.2587365210056305,0.2814028561115265,0.2842681109905243,0.2790057957172394,0.6069868206977844,0.11399023979902267,0.390104204416275,0.18862663209438324,0.3281313478946686,0.4210539758205414,0.20178315043449402,0.23487384617328644,0.24364794790744781,0.34628215432167053,0.1365596503019333,0.23130694031715393,0.5845817923545837,0.2801133394241333,0.2933982312679291,0.43298888206481934,0.4158490300178528,0.24331964552402496,0.2966853082180023,0.4438585937023163,0.449870765209198,0.1925504207611084,0.16835099458694458,0.32217153906822205,0.1507268100976944,0.2827528119087219,0.21633894741535187,0.34057724475860596,0.21552793681621552,0.19827432930469513,0.1730327010154724,0.35740232467651367,0.23067229986190796,0.13904963433742523,0.3224216103553772,0.2863873243331909,0.22497190535068512,0.17941462993621826,0.1478649228811264,0.1650005280971527,0.7944276332855225,0.41528746485710144,0.2474946677684784,0.29925045371055603,0.38364681601524353,0.2651127576828003,0.27702441811561584,0.24950727820396423,0.33458131551742554,0.29265329241752625,0.586632490158081,0.5030550360679626,0.42264336347579956,0.15595941245555878,0.3708009421825409,0.25141286849975586,0.3870556354522705,0.36335575580596924,0.25678426027297974,0.2086029350757599,0.24342848360538483,0.33590608835220337,-0.05583282560110092,0.377206027507782,0.5315293073654175,0.41249871253967285,0.12291648238897324,0.1952945590019226,0.20022453367710114,0.31916141510009766,0.16192412376403809,0.148258239030838,0.22155919671058655,0.3458123803138733,0.42490342259407043,0.3163260221481323,0.16264908015727997,0.37565842270851135,0.31203433871269226,0.19310900568962097,0.22111275792121887,0.26455461978912354,0.14462843537330627,0.21994183957576752,0.09478672593832016,0.33795085549354553,0.19361315667629242,0.37335970997810364,0.2536254823207855,0.15955090522766113,0.19452932476997375,0.273145854473114,0.3509136140346527,0.17055481672286987,0.3519952595233917,0.38885298371315,0.2499570995569229,0.29245173931121826,0.3029593527317047,0.20215770602226257,0.1748078465461731,0.4357498288154602,0.19634796679019928,0.22926054894924164,0.47798052430152893,0.18146935105323792,0.20756390690803528,0.42680779099464417,0.44748708605766296,0.23738588392734528,0.23273250460624695,0.0687686875462532,0.20863936841487885,0.14310044050216675,0.3505333662033081,0.31437698006629944,0.3137376010417938,0.2756624221801758,0.2510661482810974,0.2553667724132538,0.3232223093509674,0.3567451536655426,0.3958882689476013,0.236255943775177,0.14762239158153534,0.22937802970409393,0.44439685344696045,0.2789982855319977,0.15100707113742828,0.22961923480033875,0.24269156157970428,0.23526684939861298,0.20178081095218658,0.257943719625473,0.21401214599609375,0.2738446295261383
7.015205383300781,1.3020079135894775,2.0911591053009033,2.761669635772705,2.749094009399414,0.04967048764228821,1.4556509256362915,7.7468366622924805,0.19802092015743256,0.5013219118118286,0.0060163745656609535,3.876147508621216,3.5113887786865234,2.959402322769165,0.4061592221260071,1.5128912925720215,-0.19366496801376343,5.2636895179748535,22.09343719482422,13.263577461242676,1.5061684846878052,0.9263706803321838,-0.5840524435043335,0.35986632108688354,1.6064213514328003,-7.000331401824951,0.007982602342963219,0.6716405749320984,0.1411622017621994,2.06367564201355,0.4198407530784607,2.578806161880493,0.7247344255447388,0.3931460678577423,-0.040454644709825516,-1.042476773262024,0.7703523635864258,0.39611005783081055,0.631970226764679,0.5071030855178833,0.48869818449020386,3.8144490718841553,-1.4207031726837158,3.376007080078125,-0.7513002157211304,-0.0053093223832547665,6.591701030731201,0.26385173201560974,0.30291813611984253,0.2569931149482727,0.46259889006614685,0.3315780460834503,0.21046622097492218,0.4524405300617218,0.21832390129566193,0.27229687571525574,0.24906568229198456,0.32185953855514526,0.2728042006492615,0.38653796911239624,0.2587110698223114,0.31992998719215393,0.3018016517162323,0.27045607566833496,0.5296827554702759,0.12361094355583191,0.3867901563644409,0.16212211549282074,0.2896803319454193,0.38229966163635254,0.20041275024414062,0.23166319727897644,0.23368068039417267,0.3528028130531311,0.14154697954654694,0.24668851494789124,0.5952634811401367,0.2815590500831604,0.2725679874420166,0.45579078793525696,0.4154279828071594,0.25691354274749756,0.2845456004142761,0.4350096881389618,0.44358137249946594,0.163352832198143,0.1775495857000351,0.4289989769458771,0.144196018576622,0.3031966984272003,0.23877669870853424,0.32759809494018555,0.2321905493736267,0.1948298066854477,0.1620318591594696,0.3851664066314697,0.21298515796661377,0.14009349048137665,0.33113059401512146,0.2944217920303345,0.20260727405548096,0.19039194285869598,0.15799090266227722,0.16319671273231506,0.705753743648529,0.43488651514053345,0.27757540345191956,0.294145405292511,0.3900979161262512,0.2556959092617035,0.2926018238067627,0.2321460247039795,0.3026355504989624,0.3055044114589691,0.5736647844314575,0.4812479019165039,0.416750967502594,0.15632590651512146,0.3358222246170044,0.22898797690868378,0.395287424325943,0.3704351782798767,0.2548855245113373,0.2147388756275177,0.26304516196250916,0.33544620871543884,-0.06456256657838821,0.3603918254375458,0.5337660312652588,0.3744903802871704,0.07391819357872009,0.21259653568267822,0.2038387805223465,0.32746607065200806,0.17102226614952087,0.1958124190568924,0.20152448117733002,0.3295748829841614,0.40462225675582886,0.2851269841194153,0.1530471295118332,0.35547465085983276,0.27522534132003784,0.16110315918922424,0.2009071558713913,0.3137573301792145,0.1412835270166397,0.22250325977802277,0.1026545837521553,0.31374391913414,0.1959925889968872,0.38611871004104614,0.2637358605861664,0.14700916409492493,0.1576053649187088,0.26476427912712097,0.33362677693367004,0.17885421216487885,0.3244990110397339,0.3556583523750305,0.24698227643966675,0.3579360544681549,0.2901735305786133,0.2205565869808197,0.17596279084682465,0.4328480362892151,0.18556632101535797,0.2179342359304428,0.4738706946372986,0.15072739124298096,0.2089916318655014,0.4226324260234833,0.440855473279953,0.2291194349527359,0.2478821724653244,0.07021534442901611,0.20877192914485931,0.14495360851287842,0.31699758768081665,0.3181211054325104,0.31174516677856445,0.2903654873371124,0.2724049985408783,0.2753654718399048,0.31606313586235046,0.3444814085960388,0.3831133544445038,0.2271314561367035,0.15840348601341248,0.2050582319498062,0.4653889834880829,0.27479153871536255,0.17730756103992462,0.21848884224891663,0.23974651098251343,0.24117711186408997,0.2950054407119751,0.23974381387233734,0.21242794394493103,0.2684151530265808
7.119657516479492,1.3019847869873047,2.0723564624786377,2.7068796157836914,2.749302387237549,-0.34536150097846985,1.4983386993408203,7.620487689971924,0.277160108089447,0.5243711471557617,0.006017112173140049,3.7602016925811768,3.3159687519073486,2.699031114578247,0.44145315885543823,1.7905141115188599,-0.02563433162868023,4.974363803863525,21.451820373535156,12.576253890991211,1.4994220733642578,0.9604057669639587,-0.9345094561576843,0.3264392018318176,1.6542302370071411,-8.582296371459961,0.007980670779943466,0.6058937907218933,0.07718752324581146,1.3848835229873657,0.425954669713974,3.4587154388427734,1.2171120643615723,0.4019864797592163,-0.05174063518643379,-1.1056212186813354,1.0911756753921509,0.4034225344657898,0.7247304916381836,0.5069932341575623,0.6116419434547424,4.66005277633667,-1.6174038648605347,4.426607608795166,-1.652891755104065,-0.029201410710811615,5.387322902679443,0.2627716064453125,0.29254448413848877,0.27646908164024353,0.43601542711257935,0.3438447117805481,0.18396858870983124,0.4500793218612671,0.2140590399503708,0.2648010551929474,0.2585730254650116,0.285743772983551,0.2725062668323517,0.4127209484577179,0.2593098282814026,0.3231223523616791,0.3154401183128357,0.2660834789276123,0.46215566992759705,0.1323241889476776,0.3957745134830475,0.14284056425094604,0.2634182572364807,0.3603052496910095,0.199337437748909,0.23222459852695465,0.22595533728599548,0.36250290274620056,0.14760637283325195,0.2546098828315735,0.5986211895942688,0.2867359220981598,0.25998592376708984,0.4809345602989197,0.41573479771614075,0.27219146490097046,0.27461522817611694,0.4305727779865265,0.4438290596008301,0.15934237837791443,0.18845191597938538,0.5148043036460876,0.13734938204288483,0.3109857141971588,0.260824978351593,0.32571104168891907,0.2347995638847351,0.19796247780323029,0.15879884362220764,0.41130155324935913,0.1999700516462326,0.13762591779232025,0.3378335237503052,0.29979631304740906,0.19908423721790314,0.2068624347448349,0.1714021861553192,0.1624636948108673,0.6508805751800537,0.4361240863800049,0.26867741346359253,0.2879461944103241,0.3998481333255768,0.251941442489624,0.3042902648448944,0.22853176295757294,0.28684568405151367,0.3140658140182495,0.5652092695236206,0.4103802740573883,0.4467114806175232,0.156854510307312,0.308549702167511,0.21175768971443176,0.38523268699645996,0.3761039078235626,0.2561315894126892,0.21738456189632416,0.2801910638809204,0.3493730127811432,-0.07055523246526718,0.350350022315979,0.5422582626342773,0.3437422215938568,0.06263258308172226,0.22617165744304657,0.20696090161800385,0.32921159267425537,0.1816534847021103,0.20895786583423615,0.1869012415409088,0.31443390250205994,0.38802939653396606,0.25981640815734863,0.14961391687393188,0.3392453193664551,0.25407493114471436,0.13866882026195526,0.19261835515499115,0.29470157623291016,0.15283285081386566,0.22359690070152283,0.11877667903900146,0.3028310239315033,0.19780869781970978,0.39068353176116943,0.2709144651889801,0.1393873542547226,0.13391262292861938,0.2430231124162674,0.32021981477737427,0.18304428458213806,0.2894960939884186,0.3441953659057617,0.256109356880188,0.37585192918777466,0.28443005681037903,0.2370963990688324,0.1761854737997055,0.42958346009254456,0.1735062301158905,0.21002745628356934,0.46798959374427795,0.13281035423278809,0.21803724765777588,0.4190230369567871,0.4360347390174866,0.2353317141532898,0.2643958032131195,0.07002920657396317,0.21068787574768066,0.14532168209552765,0.29761502146720886,0.3198600113391876,0.3082861006259918,0.30549895763397217,0.32103779911994934,0.2830542325973511,0.3125315010547638,0.33638396859169006,0.3822675943374634,0.19383031129837036,0.16688306629657745,0.19560280442237854,0.48615825176239014,0.2707202732563019,0.20056171715259552,0.2107790857553482,0.23809616267681122,0.24522989988327026,0.32981956005096436,0.2338537573814392,0.21163222193717957,0.25926342606544495
7.233257293701172,1.3019742965698242,2.0691189765930176,2.667567491531372,2.7494869232177734,-0.7686367630958557,1.524406909942627,7.390100955963135,0.33664998412132263,0.5260028839111328,0.006017697975039482,3.690225124359131,3.0367298126220703,2.500018835067749,0.4169590175151825,1.9985460042953491,0.11965343356132507,4.726249694824219,20.586627960205078,12.025789260864258,1.4949514865875244,1.067543387413025,-0.9882410764694214,0.28311988711357117,1.7031505107879639,-9.965542793273926,0.00798034854233265,0.5841339826583862,0.04569447413086891,1.1259448528289795,0.4283178150653839,4.244125843048096,1.4825795888900757,0.40788936614990234,-0.0627366304397583,-0.8438616394996643,1.5107492208480835,0.4115649163722992,0.7978427410125732,0.5043575763702393,0.73650062084198,4.760970115661621,-1.3657925128936768,4.745578289031982,-3.118532657623291,-0.052115000784397125,2.6248748302459717,0.2670418620109558,0.2830723226070404,0.29187890887260437,0.4073312282562256,0.35715416073799133,0.18904803693294525,0.4573118984699249,0.21811001002788544,0.2723291516304016,0.28630122542381287,0.26653218269348145,0.27125096321105957,0.4083282947540283,0.2630596458911896,0.3131447732448578,0.33249470591545105,0.2679429352283478,0.40788915753364563,0.1403258740901947,0.40877750515937805,0.13161920011043549,0.2506898045539856,0.3480643033981323,0.20277737081050873,0.23524653911590576,0.23002368211746216,0.3761354386806488,0.14953091740608215,0.2632107138633728,0.6013761758804321,0.294625461101532,0.25548064708709717,0.5061434507369995,0.41621163487434387,0.28276529908180237,0.266671746969223,0.42669081687927246,0.4487367868423462,0.17212806642055511,0.2010514885187149,0.47805917263031006,0.1316966861486435,0.32676514983177185,0.2932289242744446,0.33233320713043213,0.23754408955574036,0.19901961088180542,0.1596994549036026,0.4389945864677429,0.19184665381908417,0.13448064029216766,0.3429272472858429,0.3035193681716919,0.18562528491020203,0.2268552929162979,0.1940879076719284,0.16352981328964233,0.6152639389038086,0.4213560223579407,0.25725698471069336,0.2790954113006592,0.4173978567123413,0.2522871494293213,0.30823951959609985,0.23766054213047028,0.2867308259010315,0.3242915868759155,0.5593821406364441,0.3728540241718292,0.48597219586372375,0.1573547124862671,0.2889479398727417,0.20002590119838715,0.39038631319999695,0.378717839717865,0.2610851228237152,0.21899865567684174,0.29820868372917175,0.3787674605846405,-0.07468459010124207,0.34563830494880676,0.5520083904266357,0.3161650598049164,0.07273242622613907,0.234636127948761,0.20997746288776398,0.333501935005188,0.19478629529476166,0.22275851666927338,0.17633569240570068,0.298027902841568,0.3733075261116028,0.2519530951976776,0.14961500465869904,0.3277815878391266,0.23801840841770172,0.12559911608695984,0.1898777037858963,0.2934489846229553,0.17512845993041992,0.22382356226444244,0.14215406775474548,0.3003561198711395,0.19922682642936707,0.390861451625824,0.2766484022140503,0.13438965380191803,0.1226612851023674,0.24305632710456848,0.31026309728622437,0.1842188835144043,0.2850894033908844,0.34071266651153564,0.2724871337413788,0.3808510899543762,0.2828015387058258,0.27678054571151733,0.17617954313755035,0.4262843132019043,0.16728514432907104,0.20477178692817688,0.4596787691116333,0.12413246184587479,0.21877172589302063,0.4160044491291046,0.43260955810546875,0.2733013331890106,0.28373369574546814,0.06893505901098251,0.21294914186000824,0.14580760896205902,0.29067835211753845,0.3206818699836731,0.3051193952560425,0.3096727430820465,0.32287800312042236,0.2803032100200653,0.31145843863487244,0.3318752348423004,0.3879086673259735,0.17213985323905945,0.19462840259075165,0.195762038230896,0.5062952637672424,0.2702590525150299,0.21649959683418274,0.20534588396549225,0.23760946094989777,0.2481319159269333,0.35179293155670166,0.23628613352775574,0.21115872263908386,0.2497643679380417
7.225847244262695,1.3019696474075317,2.1135716438293457,2.6402535438537598,2.7496535778045654,-1.4745630025863647,1.5377386808395386,7.038311004638672,0.38010844588279724,0.5207577347755432,0.0060181585140526295,3.6487882137298584,2.985156774520874,2.3457202911376953,0.3810473382472992,2.1505727767944336,0.2369936853647232,4.52402925491333,19.80360984802246,11.57950210571289,1.4931514263153076,1.3151873350143433,-0.6512395739555359,0.24062302708625793,1.7524021863937378,-11.089004516601562,0.007980366237461567,0.6075792908668518,0.051582690328359604,1.40714693069458,0.4271502196788788,4.767366886138916,1.5144736766815186,0.4099365472793579,-0.07347330451011658,-0.03002893179655075,2.001965284347534,0.42012837529182434,0.853229284286499,0.5020797252655029,0.8445065021514893,4.678838729858398,-0.6442387700080872,4.388801097869873,-4.898258686065674,-0.07414530217647552,1.4881244897842407,0.2761179804801941,0.27779117226600647,0.30364522337913513,0.3797415494918823,0.3695276379585266,0.21638081967830658,0.47012537717819214,0.23809169232845306,0.2921236455440521,0.3274030387401581,0.2592043876647949,0.27254191040992737,0.4063224494457245,0.2706039845943451,0.3094739615917206,0.34734946489334106,0.274723619222641,0.37080299854278564,0.1476391702890396,0.42042550444602966,0.1321430802345276,0.24970273673534393,0.3412068486213684,0.20475640892982483,0.23959113657474518,0.25226062536239624,0.38737067580223083,0.15483079850673676,0.2722823917865753,0.6044801473617554,0.30681514739990234,0.2588450014591217,0.5285957455635071,0.41664230823516846,0.29309383034706116,0.2605322599411011,0.4243824779987335,0.45649975538253784,0.2022130936384201,0.21538957953453064,0.41415727138519287,0.12654337286949158,0.32229843735694885,0.3306613564491272,0.3445596694946289,0.2473662793636322,0.19735780358314514,0.16356445848941803,0.45464032888412476,0.18813277781009674,0.13344337046146393,0.34645476937294006,0.30477240681648254,0.24568845331668854,0.24731522798538208,0.2435138076543808,0.16883358359336853,0.5914753079414368,0.4068310260772705,0.2472323626279831,0.2690834105014801,0.45729920268058777,0.2556459307670593,0.3040711283683777,0.2600644826889038,0.30368584394454956,0.33743882179260254,0.5550866723060608,0.35146617889404297,0.4980447292327881,0.15771888196468353,0.2770901918411255,0.1930822730064392,0.4068220257759094,0.3787144422531128,0.2812426686286926,0.22019703686237335,0.31201446056365967,0.41918158531188965,-0.07758034765720367,0.34458982944488525,0.5605494379997253,0.2885299623012543,0.09938225150108337,0.24064093828201294,0.21314610540866852,0.33780068159103394,0.17969051003456116,0.24030479788780212,0.16870006918907166,0.2773383557796478,0.35932931303977966,0.24831348657608032,0.15553537011146545,0.318049818277359,0.2259100377559662,0.12213513255119324,0.18975962698459625,0.32169392704963684,0.20568563044071198,0.2236044704914093,0.17087462544441223,0.3022630214691162,0.20044046640396118,0.3901016116142273,0.28020283579826355,0.1318066120147705,0.13227857649326324,0.2668297290802002,0.30586379766464233,0.18361896276474,0.25973230600357056,0.33984410762786865,0.2999519407749176,0.38523411750793457,0.28303903341293335,0.3101579248905182,0.17626073956489563,0.42368391156196594,0.16621361672878265,0.20146051049232483,0.4487474262714386,0.11861323565244675,0.22224023938179016,0.41353973746299744,0.43016791343688965,0.4495284855365753,0.2980516850948334,0.06766233593225479,0.21547669172286987,0.14575010538101196,0.28942182660102844,0.3212917745113373,0.3016216456890106,0.316867470741272,0.3048567473888397,0.27688342332839966,0.31186333298683167,0.3295554220676422,0.3961731493473053,0.16072019934654236,0.20046108961105347,0.19786715507507324,0.5262929201126099,0.27851319313049316,0.23096464574337006,0.20144200325012207,0.23823599517345428,0.25016605854034424,0.3585929572582245,0.2458329200744629,0.21086528897285461,0.24217142164707184
7.06596040725708,1.301967740058899,2.214963674545288,2.619906187057495,2.7499029636383057,-1.7132076025009155,1.546194314956665,6.549624919891357,0.41107016801834106,0.5135481357574463,0.006018519401550293,3.62290358543396,2.990989923477173,2.2246322631835938,0.402620792388916,2.2576065063476562,0.3297423720359802,4.354364395141602,19.356040954589844,11.214937210083008,1.4995940923690796,1.5802068710327148,-0.4509219825267792,0.22496801614761353,1.802698016166687,-11.945965766906738,0.00798042118549347,0.7025768756866455,0.09451229125261307,2.4802279472351074,0.4232172966003418,4.92880392074585,1.4762572050094604,0.4096241593360901,-0.08398111164569855,1.5998497009277344,2.4832851886749268,0.42969977855682373,0.892058253288269,0.500900387763977,0.9241715669631958,4.487527847290039,0.5278443694114685,3.636277198791504,-6.22308874130249,-0.09469316899776459,1.437205195426941,0.28403687477111816,0.2748667001724243,0.31242066621780396,0.3574448823928833,0.38090136647224426,0.2595549523830414,0.48483631014823914,0.2830161452293396,0.321321576833725,0.3736637830734253,0.26068252325057983,0.2740537226200104,0.4036549925804138,0.2849835157394409,0.3151938319206238,0.3387536108493805,0.28539079427719116,0.3620918095111847,0.15424993634223938,0.4276353418827057,0.1486610770225525,0.25674954056739807,0.3373541533946991,0.20552249252796173,0.2443246692419052,0.2656773328781128,0.4105621874332428,0.15971219539642334,0.2834303081035614,0.6077120304107666,0.3236355185508728,0.2690808176994324,0.5325004458427429,0.416971355676651,0.2976747155189514,0.25602996349334717,0.4225234091281891,0.467780202627182,0.2546430826187134,0.23156939446926117,0.3697216212749481,0.12623688578605652,0.3288217782974243,0.36078372597694397,0.35927438735961914,0.2460312396287918,0.19706735014915466,0.1732913702726364,0.47414490580558777,0.18799716234207153,0.14173166453838348,0.3488300144672394,0.30336183309555054,0.3377648591995239,0.2640705704689026,0.3235185742378235,0.18594346940517426,0.5752606987953186,0.4037628471851349,0.2530374526977539,0.2598596215248108,0.44312867522239685,0.2609562277793884,0.29682669043540955,0.2921181619167328,0.3456442952156067,0.346632719039917,0.5517959594726562,0.34971320629119873,0.47786372900009155,0.1578970104455948,0.27336356043815613,0.1898723989725113,0.4360548257827759,0.37702637910842896,0.31987541913986206,0.22121408581733704,0.2927625775337219,0.4714670181274414,-0.0795961245894432,0.3457285165786743,0.5667083859443665,0.2612108588218689,0.1500241756439209,0.24586407840251923,0.21657618880271912,0.3400513827800751,0.17475156486034393,0.2538807988166809,0.16313545405864716,0.26122257113456726,0.34160545468330383,0.2417914718389511,0.1971084326505661,0.311524897813797,0.21649746596813202,0.13609832525253296,0.1906621754169464,0.31625065207481384,0.24083541333675385,0.22333136200904846,0.2030632048845291,0.3057047128677368,0.20282767713069916,0.38932016491889954,0.2585470974445343,0.13056418299674988,0.16696219146251678,0.27775388956069946,0.30336660146713257,0.1812124103307724,0.2745783030986786,0.3392859697341919,0.34321948885917664,0.40166231989860535,0.283793568611145,0.33093491196632385,0.17655149102210999,0.42255857586860657,0.16446447372436523,0.19950757920742035,0.4353198707103729,0.114794060587883,0.2503202259540558,0.411577969789505,0.42840659618377686,0.40898603200912476,0.30999141931533813,0.06672386080026627,0.2185697853565216,0.14577539265155792,0.2888508439064026,0.321883887052536,0.3015821576118469,0.3175259530544281,0.3416965901851654,0.286845862865448,0.31307435035705566,0.32876133918762207,0.4059979319572449,0.16179606318473816,0.2369658499956131,0.20131514966487885,0.5463302135467529,0.29311755299568176,0.19343796372413635,0.19857938587665558,0.2397325187921524,0.25150126218795776,0.4059373736381531,0.2642979323863983,0.2106870710849762,0.23765146732330322
6.732726097106934,1.3019658327102661,2.3445169925689697,2.605208396911621,2.7501602172851562,-1.06449556350708,1.5665802955627441,5.184605598449707,0.4332031309604645,0.5068779587745667,0.006018802523612976,3.6056737899780273,2.9989116191864014,2.128633499145508,0.4435898959636688,2.332028388977051,0.4001084864139557,4.217756748199463,19.14604949951172,10.922744750976562,1.8355412483215332,1.7382566928863525,-0.3904573321342468,0.5503411889076233,1.8523335456848145,-12.573413848876953,0.00798045750707388,0.9050992727279663,0.1697760671377182,4.6310133934021,0.4161297380924225,4.704470634460449,1.3954381942749023,0.40837469696998596,-0.0942874327301979,4.065921783447266,2.821446418762207,0.43996721506118774,0.9158044457435608,0.5006834864616394,0.9710496068000793,4.038599967956543,2.6715404987335205,2.7224864959716797,-6.962380409240723,-0.11352770775556564,1.676651954650879,0.3072657287120819,0.27244362235069275,0.3188933730125427,0.33987343311309814,0.387148916721344,0.30604761838912964,0.4985140264034271,0.34430092573165894,0.35417452454566956,0.38230690360069275,0.26746949553489685,0.27216747403144836,0.40054741501808167,0.30359911918640137,0.32845982909202576,0.33971208333969116,0.30080875754356384,0.4150393605232239,0.16015668213367462,0.4294314682483673,0.18319356441497803,0.2675103545188904,0.33532965183258057,0.20113304257392883,0.24877053499221802,0.2619044780731201,0.44236281514167786,0.161507248878479,0.29136765003204346,0.6091697216033936,0.34258463978767395,0.2835599482059479,0.5330591201782227,0.4172043800354004,0.29741808772087097,0.2529905140399933,0.42128753662109375,0.481586217880249,0.23238949477672577,0.24973370134830475,0.321399986743927,0.12829603254795074,0.33805370330810547,0.3714635968208313,0.37301212549209595,0.2540190815925598,0.20059244334697723,0.18304000794887543,0.4740357995033264,0.19030055403709412,0.16894429922103882,0.3502011299133301,0.3010444939136505,0.38156652450561523,0.2738245725631714,0.3389809727668762,0.2125837802886963,0.5640978217124939,0.40710902214050293,0.25023892521858215,0.25121861696243286,0.4014345109462738,0.26710957288742065,0.290181040763855,0.3200331926345825,0.3732680082321167,0.348538875579834,0.5491626858711243,0.38628441095352173,0.44701051712036133,0.1578843742609024,0.27769917249679565,0.18939052522182465,0.4299943745136261,0.3746945261955261,0.38702285289764404,0.2221195548772812,0.33813878893852234,0.5095255970954895,-0.08099823445081711,0.3479248583316803,0.5704238414764404,0.23881110548973083,0.21823960542678833,0.2503489553928375,0.21996764838695526,0.3425789475440979,0.1752822995185852,0.2674291729927063,0.1587236374616623,0.24987514317035675,0.3261898159980774,0.23830683529376984,0.25658726692199707,0.30666592717170715,0.20901452004909515,0.15525612235069275,0.1916572004556656,0.3061160743236542,0.2781306505203247,0.22318319976329803,0.23706841468811035,0.309042364358902,0.2059537023305893,0.3892049789428711,0.24297702312469482,0.13125506043434143,0.24560579657554626,0.3322656750679016,0.300300270318985,0.17856137454509735,0.2777204215526581,0.33809950947761536,0.41462579369544983,0.31048721075057983,0.2844240665435791,0.3488098084926605,0.17697298526763916,0.4228052794933319,0.16185638308525085,0.1984684020280838,0.4195515215396881,0.12588049471378326,0.29859790205955505,0.4100559949874878,0.4271028935909271,0.298630028963089,0.3240048885345459,0.0663565993309021,0.21848176419734955,0.14375245571136475,0.30062979459762573,0.32230374217033386,0.3019876480102539,0.31494709849357605,0.34067606925964355,0.30093541741371155,0.31419676542282104,0.3289391100406647,0.41312289237976074,0.18381887674331665,0.3231348693370819,0.2075590342283249,0.5665152668952942,0.29870471358299255,0.16364817321300507,0.19643884897232056,0.24182267487049103,0.25228115916252136,0.4182608127593994,0.2904389202594757,0.21058201789855957,0.23637668788433075
6.47675085067749,1.301963210105896,2.485725164413452,2.5946946144104004,2.750380039215088,-0.5642349123954773,1.6081702709197998,4.977357864379883,0.44927042722702026,0.5017051100730896,0.006019022315740585,3.593475103378296,3.0226473808288574,2.0518672466278076,0.45118796825408936,2.376206874847412,0.45132631063461304,4.119785308837891,19.101564407348633,17.876062393188477,2.0668697357177734,1.833031415939331,-0.36913129687309265,2.119481086730957,1.8986095190048218,-13.023633003234863,0.007980477064847946,1.2403404712677002,0.2693084478378296,7.811825275421143,0.40759003162384033,4.151301860809326,1.3144694566726685,0.40567612648010254,-0.10441668331623077,6.432707786560059,2.883073568344116,0.4511672854423523,0.9262703061103821,0.5011220574378967,0.974322497844696,3.2559354305267334,6.733265399932861,1.8253631591796875,-7.389028549194336,-0.13044314086437225,2.0127787590026855,0.3402028977870941,0.27552053332328796,0.3236745595932007,0.325997531414032,0.38908565044403076,0.34955257177352905,0.5092695355415344,0.36565619707107544,0.3938762843608856,0.3905230760574341,0.27173179388046265,0.27123740315437317,0.3967670202255249,0.2924431264400482,0.3467658758163452,0.3151930570602417,0.3225671648979187,0.5814335346221924,0.165380597114563,0.42657119035720825,0.2226417511701584,0.2782539129257202,0.33456969261169434,0.1989811658859253,0.25251448154449463,0.2656617760658264,0.43576857447624207,0.1652567833662033,0.29869669675827026,0.6089751720428467,0.35972216725349426,0.2980663478374481,0.5291966795921326,0.41736334562301636,0.30321934819221497,0.2512255907058716,0.42033910751342773,0.4963463544845581,0.2339320331811905,0.26994284987449646,0.3024888038635254,0.13280043005943298,0.3449702560901642,0.38079190254211426,0.3829845190048218,0.26596754789352417,0.2035234421491623,0.19261327385902405,0.4124549329280853,0.19381281733512878,0.2026880383491516,0.35077670216560364,0.30093854665756226,0.3659103214740753,0.27743130922317505,0.3460937440395355,0.20352955162525177,0.5564106702804565,0.4144892990589142,0.251395583152771,0.24203845858573914,0.3984222114086151,0.27087831497192383,0.28614726662635803,0.33144786953926086,0.35086384415626526,0.35361969470977783,0.5469831228256226,0.36506229639053345,0.41989603638648987,0.15774063766002655,0.29066795110702515,0.19079753756523132,0.41977888345718384,0.3729264736175537,0.41651788353919983,0.2229262888431549,0.30704182386398315,0.4938890337944031,-0.08196733891963959,0.35041117668151855,0.5724855065345764,0.22830863296985626,0.27664315700531006,0.2533905804157257,0.2188982218503952,0.3446044325828552,0.17583760619163513,0.26820608973503113,0.1552683711051941,0.24160374701023102,0.3150619566440582,0.23625683784484863,0.23236794769763947,0.304545521736145,0.2029789835214615,0.1926398128271103,0.19221481680870056,0.3424636125564575,0.3148993253707886,0.22322601079940796,0.25958576798439026,0.31157201528549194,0.21005317568778992,0.3896518051624298,0.2349473237991333,0.13302436470985413,0.3501826524734497,0.36959511041641235,0.29610732197761536,0.17548955976963043,0.3041550815105438,0.33598142862319946,0.4897332191467285,0.26121625304222107,0.2847245931625366,0.35417187213897705,0.17693710327148438,0.4226926863193512,0.16156476736068726,0.19800838828086853,0.40203893184661865,0.13198672235012054,0.2812683582305908,0.40890640020370483,0.4261263608932495,0.24907197058200836,0.335358202457428,0.0665329098701477,0.21985502541065216,0.1421084851026535,0.3109417259693146,0.32209452986717224,0.30368438363075256,0.31062930822372437,0.3248274326324463,0.31054747104644775,0.3151020407676697,0.32940298318862915,0.4130333662033081,0.22830680012702942,0.4099311828613281,0.21614690124988556,0.5871049165725708,0.2852034866809845,0.14559593796730042,0.19480860233306885,0.2441743016242981,0.2526434659957886,0.4140717685222626,0.3118301033973694,0.21052145957946777,0.2377345860004425
6.398519039154053,1.3019616603851318,2.6164486408233643,2.586759567260742,2.750537872314453,-0.10963457077741623,1.6642696857452393,4.850805759429932,0.46112045645713806,0.49819281697273254,0.006019193213433027,3.584937810897827,3.0400125980377197,1.990083932876587,0.451354444026947,2.41928768157959,0.4879119098186493,4.0632476806640625,19.516925811767578,18.32391929626465,2.134455919265747,1.9115650653839111,-0.35956600308418274,2.3972582817077637,1.9400842189788818,-13.344649314880371,0.007980485446751118,1.6686841249465942,0.3828170895576477,11.264214515686035,0.39747822284698486,3.3555798530578613,1.2441823482513428,0.3983454704284668,-0.11439083516597748,7.580522537231445,2.591500759124756,0.463309645652771,0.9254140853881836,0.5019311308860779,0.9013550877571106,2.330308675765991,7.936489105224609,1.0355255603790283,-7.615527153015137,-0.14574886858463287,2.372203826904297,0.3761524260044098,0.28452053666114807,0.3272518515586853,0.32202956080436707,0.3897517919540405,0.3860781192779541,0.5163035988807678,0.3819330036640167,0.4122297763824463,0.38761642575263977,0.26979881525039673,0.2745063006877899,0.39213481545448303,0.2848360240459442,0.36958402395248413,0.28628331422805786,0.3488112986087799,0.705142617225647,0.16996118426322937,0.42083749175071716,0.25788870453834534,0.2865942418575287,0.3347742557525635,0.18800859153270721,0.2554129958152771,0.2731208801269531,0.4232644736766815,0.16648326814174652,0.312313437461853,0.6079897284507751,0.37174662947654724,0.3084249794483185,0.5258204340934753,0.4174695909023285,0.31354066729545593,0.2505318820476532,0.4196706712245941,0.5086614489555359,0.2850799858570099,0.29198360443115234,0.3051638603210449,0.13833953440189362,0.35499435663223267,0.3920721113681793,0.38955649733543396,0.28019192814826965,0.2008373737335205,0.20764648914337158,0.39034271240234375,0.19764836132526398,0.17419864237308502,0.3508175015449524,0.29675135016441345,0.30625465512275696,0.2787693738937378,0.32332146167755127,0.18485039472579956,0.5511387586593628,0.4309595227241516,0.2576974630355835,0.2361679971218109,0.41103196144104004,0.2711634635925293,0.28570109605789185,0.32537901401519775,0.37504225969314575,0.349243700504303,0.5451516509056091,0.3552178740501404,0.40089166164398193,0.15753646194934845,0.30767136812210083,0.19336268305778503,0.42175450921058655,0.3720974624156952,0.44119036197662354,0.2236296683549881,0.28132501244544983,0.45046266913414,-0.08263743668794632,0.35272929072380066,0.5739253759384155,0.23249101638793945,0.32010897994041443,0.2698962986469269,0.2169514149427414,0.3444616198539734,0.1750056892633438,0.2646498680114746,0.15250955522060394,0.2368565797805786,0.3062885105609894,0.23465615510940552,0.20607174932956696,0.303831547498703,0.19806726276874542,0.24234873056411743,0.19205954670906067,0.3553832173347473,0.3482266366481781,0.2235337346792221,0.2812938094139099,0.31317174434661865,0.21606339514255524,0.3904394507408142,0.23938603699207306,0.13585413992404938,0.3756081163883209,0.4342711865901947,0.29377982020378113,0.17362241446971893,0.34907498955726624,0.3329216539859772,0.5091443061828613,0.22370104491710663,0.2846963405609131,0.35458821058273315,0.17720888555049896,0.42202678322792053,0.16309326887130737,0.19787688553333282,0.38327544927597046,0.12939037382602692,0.29227837920188904,0.4080630838871002,0.425394743680954,0.2353634238243103,0.3218592703342438,0.06712040305137634,0.2621077001094818,0.141342431306839,0.32054403424263,0.3213098347187042,0.3089871108531952,0.30671271681785583,0.32479768991470337,0.3196457028388977,0.3156006634235382,0.3302367329597473,0.41296136379241943,0.2651728093624115,0.44053125381469727,0.22412912547588348,0.6044715046882629,0.25973665714263916,0.13679936528205872,0.19354763627052307,0.24639564752578735,0.2527158260345459,0.4219571352005005,0.31326720118522644,0.2104869782924652,0.24064897000789642
6.637375354766846,1.3019592761993408,2.72908616065979,2.5804343223571777,2.750601291656494,0.16072338819503784,1.682596206665039,4.798929691314697,0.4701102674007416,0.49611207842826843,0.006019326392561197,3.5792782306671143,2.9772989749908447,1.940600872039795,0.4703066349029541,2.426774024963379,0.5157353281974792,4.042036056518555,19.5305118560791,18.379663467407227,2.1257574558258057,1.9753661155700684,-0.3436870276927948,2.2171683311462402,1.9791265726089478,-13.574185371398926,0.007980489172041416,2.0135321617126465,0.49920108914375305,14.00231647491455,0.38750720024108887,2.4682376384735107,1.193331241607666,0.3865060806274414,-0.1242300346493721,7.740926742553711,1.9212374687194824,0.4766857326030731,0.9152346849441528,0.5028975605964661,0.7068461775779724,1.5190094709396362,7.130590915679932,0.38810601830482483,-7.718154430389404,-0.1597445011138916,2.6637227535247803,0.3729737401008606,0.30382540822029114,0.32998523116111755,0.3295919597148895,0.39021408557891846,0.418552041053772,0.519713819026947,0.3922451436519623,0.4105827510356903,0.3474125564098358,0.27311453223228455,0.283000111579895,0.3869345784187317,0.2868311107158661,0.39366042613983154,0.26225733757019043,0.3483935594558716,0.6652852296829224,0.1739494353532791,0.4142270088195801,0.28523269295692444,0.29161369800567627,0.33572766184806824,0.1666976511478424,0.2574789226055145,0.27461498975753784,0.4084077775478363,0.16906076669692993,0.3351641595363617,0.6062775254249573,0.3794724643230438,0.3126383423805237,0.5250820517539978,0.417540043592453,0.3164752721786499,0.25069209933280945,0.4191688299179077,0.4966697692871094,0.31242087483406067,0.31516528129577637,0.2931092083454132,0.14517094194889069,0.3685666620731354,0.4004216194152832,0.3941977322101593,0.2977583408355713,0.20289352536201477,0.223855122923851,0.37559840083122253,0.2008884996175766,0.1637091040611267,0.3505021035671234,0.2946275770664215,0.2639808654785156,0.2818623483181,0.2920573949813843,0.1746649444103241,0.5475834608078003,0.4297637641429901,0.26751524209976196,0.23445528745651245,0.4081183671951294,0.2705347537994385,0.2894105613231659,0.30240124464035034,0.40050968527793884,0.34451693296432495,0.5435770153999329,0.384414941072464,0.38905060291290283,0.15733575820922852,0.32243460416793823,0.1964985728263855,0.42619559168815613,0.37199661135673523,0.4524993896484375,0.22424247860908508,0.25801756978034973,0.40757453441619873,-0.08309923857450485,0.3546532094478607,0.575282871723175,0.2424723505973816,0.3420960009098053,0.2796359658241272,0.2153477519750595,0.3446747660636902,0.17287865281105042,0.24420566856861115,0.15011684596538544,0.2361014187335968,0.29812729358673096,0.23466864228248596,0.20957118272781372,0.3051779866218567,0.19405047595500946,0.29405418038368225,0.19110630452632904,0.35571303963661194,0.36992546916007996,0.2240782082080841,0.30484944581985474,0.31400248408317566,0.21650493144989014,0.39138063788414,0.27615249156951904,0.13901419937610626,0.33503881096839905,0.3978675305843353,0.2953653633594513,0.1722312867641449,0.35958096385002136,0.3291340470314026,0.37864819169044495,0.20003236830234528,0.28405797481536865,0.3559722900390625,0.17835687100887299,0.4246380031108856,0.1636652648448944,0.19780154526233673,0.36441686749458313,0.13390405476093292,0.3004959523677826,0.4074682295322418,0.4248369038105011,0.23944491147994995,0.28148117661476135,0.06793923676013947,0.3264102637767792,0.14245353639125824,0.317244291305542,0.3202511668205261,0.3145408630371094,0.3040541708469391,0.3570830523967743,0.32589295506477356,0.315715491771698,0.3310166299343109,0.41485595703125,0.2792811095714569,0.4419703781604767,0.23206666111946106,0.6217094659805298,0.2331065684556961,0.13234132528305054,0.19255481660366058,0.24807433784008026,0.2526080310344696,0.42307013273239136,0.297311007976532,0.21046742796897888,0.24395665526390076
6.81503963470459,1.3019540309906006,2.8330070972442627,2.574599266052246,2.7506091594696045,0.370322048664093,1.65072500705719,4.7812347412109375,0.47708773612976074,0.49510106444358826,0.00601942976936698,3.57590651512146,2.551165819168091,1.9170171022415161,0.5171000361442566,2.430640697479248,0.5393404960632324,4.036406993865967,19.555391311645508,18.39886474609375,2.048436164855957,2.027395009994507,-0.3099270462989807,2.0714337825775146,2.022810459136963,-13.740558624267578,0.00798049010336399,2.0577213764190674,0.6079871654510498,15.493060111999512,0.3790007531642914,1.6424634456634521,1.1607615947723389,0.37472862005233765,-0.13395293056964874,7.5137200355529785,0.8675011396408081,0.49155348539352417,0.8976194858551025,0.5038697719573975,0.42974090576171875,0.9539998173713684,6.92341423034668,-0.06269896030426025,-7.75133752822876,-0.17367294430732727,2.814911127090454,0.33414021134376526,0.32103651762008667,0.33212536573410034,0.34465092420578003,0.39392194151878357,0.45039814710617065,0.5201883912086487,0.39873385429382324,0.36380115151405334,0.3126533627510071,0.27883797883987427,0.30111202597618103,0.3815138339996338,0.2808088958263397,0.42027199268341064,0.2459152489900589,0.34382206201553345,0.6000636219978333,0.17740172147750854,0.40834060311317444,0.30829089879989624,0.2935107946395874,0.33722612261772156,0.15478114783763885,0.2587164044380188,0.2712590992450714,0.3974814713001251,0.17230720818042755,0.34848451614379883,0.6036606431007385,0.3882489800453186,0.3113415539264679,0.528659462928772,0.4175865352153778,0.32573479413986206,0.25148361921310425,0.4188052713871002,0.48357266187667847,0.23416049778461456,0.33836090564727783,0.28248292207717896,0.15206879377365112,0.3996104896068573,0.4058275520801544,0.3976476192474365,0.3153984844684601,0.210401251912117,0.2269858568906784,0.3658948540687561,0.2029014527797699,0.1549416035413742,0.34995037317276,0.28786173462867737,0.23934343457221985,0.31320175528526306,0.26738056540489197,0.16708028316497803,0.5451192855834961,0.4116084575653076,0.264973521232605,0.23672999441623688,0.4252236485481262,0.2701559066772461,0.2964301109313965,0.2642882764339447,0.41456741094589233,0.34626632928848267,0.5421878099441528,0.42933833599090576,0.38153988122940063,0.15718387067317963,0.33507513999938965,0.19976790249347687,0.4332563877105713,0.3722916543483734,0.45055314898490906,0.22478021681308746,0.24585023522377014,0.3749062716960907,-0.0834152102470398,0.35611337423324585,0.5770827531814575,0.2476484328508377,0.33224737644195557,0.29404404759407043,0.2143082618713379,0.34388673305511475,0.1722995936870575,0.24417003989219666,0.14789633452892303,0.23705516755580902,0.2910962402820587,0.2370394617319107,0.24280108511447906,0.30737489461898804,0.19075904786586761,0.30527347326278687,0.18943051993846893,0.33628931641578674,0.3855527639389038,0.22476312518119812,0.331267774105072,0.31430983543395996,0.21646782755851746,0.3923259675502777,0.309259295463562,0.14251214265823364,0.3130916655063629,0.34157460927963257,0.2990470230579376,0.1714993417263031,0.3426405191421509,0.32486042380332947,0.2857528626918793,0.18789224326610565,0.28313538432121277,0.3594638407230377,0.17986474931240082,0.43091657757759094,0.16340161859989166,0.19764193892478943,0.3467392921447754,0.1483229398727417,0.31978657841682434,0.4070611894130707,0.4244125187397003,0.27005529403686523,0.2438555508852005,0.06884953379631042,0.35432499647140503,0.1453639566898346,0.3163672685623169,0.318745493888855,0.31571805477142334,0.3027968406677246,0.3781607449054718,0.3298046886920929,0.31461018323898315,0.3320443034172058,0.41906416416168213,0.31904852390289307,0.4352216124534607,0.24146921932697296,0.6296672821044922,0.21123357117176056,0.12924706935882568,0.19176968932151794,0.249476820230484,0.25240740180015564,0.41555458307266235,0.27753689885139465,0.21045634150505066,0.2467186003923416
7.000909328460693,1.3019466400146484,2.914578437805176,2.565786838531494,2.750636577606201,-0.07676152139902115,1.5885640382766724,4.775860786437988,0.48263129591941833,0.49480319023132324,0.006019509397447109,3.573540687561035,2.261195182800293,4.811788082122803,0.5595009326934814,2.565370798110962,0.5579977035522461,4.040356159210205,19.606094360351562,18.407669067382812,1.978911280632019,2.0691564083099365,-0.08989277482032776,2.1720433235168457,2.0801284313201904,-13.865236282348633,0.007980491034686565,1.816511631011963,0.700777530670166,15.643353462219238,0.3728732764720917,1.0110571384429932,1.1443945169448853,0.3657376170158386,-0.14357703924179077,7.287761688232422,-0.5748326182365417,0.5082581639289856,0.8743222951889038,0.5047680735588074,0.21930508315563202,0.6287319660186768,6.923071384429932,-0.2580643594264984,-7.748900890350342,-0.18628624081611633,2.8154373168945312,0.3137284815311432,0.34808477759361267,0.3338395655155182,0.3627851903438568,0.391588032245636,0.48596757650375366,0.5186545848846436,0.39799389243125916,0.3156833350658417,0.29427841305732727,0.28908711671829224,0.3217628002166748,0.3084131181240082,0.27757832407951355,0.4459228813648224,0.23700103163719177,0.33104678988456726,0.5715149641036987,0.18037547171115875,0.40410980582237244,0.31969472765922546,0.29309171438217163,0.3390604555606842,0.14678150415420532,0.25928226113319397,0.2661890983581543,0.38804730772972107,0.1758711338043213,0.3669385015964508,0.6001015305519104,0.39590975642204285,0.3065229654312134,0.5348365306854248,0.4176173210144043,0.34142744541168213,0.25269263982772827,0.41853439807891846,0.47013959288597107,0.18300706148147583,0.3604123890399933,0.2815394401550293,0.15776847302913666,0.39905232191085815,0.4099612236022949,0.4018806517124176,0.3328753709793091,0.2111065834760666,0.22551557421684265,0.36108919978141785,0.2033739984035492,0.15179216861724854,0.3492077589035034,0.2819482088088989,0.22396844625473022,0.352047860622406,0.24772897362709045,0.1639317274093628,0.5433348417282104,0.41087770462036133,0.2642064392566681,0.2403457909822464,0.4210797846317291,0.2708008289337158,0.3047430217266083,0.2377263307571411,0.40903398394584656,0.3542247414588928,0.540947675704956,0.4174390137195587,0.3754086494445801,0.15709806978702545,0.34981924295425415,0.20283260941505432,0.4446377158164978,0.37275072932243347,0.4476166069507599,0.22526563704013824,0.24137108027935028,0.3538987636566162,-0.08363226056098938,0.35713323950767517,0.5791239738464355,0.2488512396812439,0.3122269809246063,0.2724677324295044,0.21390271186828613,0.342343807220459,0.17324130237102509,0.24859635531902313,0.14572773873806,0.23936395347118378,0.2842773497104645,0.24156135320663452,0.2318417876958847,0.3105466365814209,0.18806366622447968,0.3066105842590332,0.18717658519744873,0.30424991250038147,0.3964012563228607,0.22553564608097076,0.3621232807636261,0.3143194317817688,0.21460731327533722,0.3928426206111908,0.3472602069377899,0.14638489484786987,0.31897637248039246,0.3484507203102112,0.30356505513191223,0.17129796743392944,0.33004117012023926,0.32033640146255493,0.2557288706302643,0.1861681193113327,0.2820332944393158,0.36383479833602905,0.182732954621315,0.439592570066452,0.16381636261940002,0.19735336303710938,0.33202213048934937,0.16487735509872437,0.32633596658706665,0.40679115056991577,0.42408615350723267,0.34479326009750366,0.1908242106437683,0.0695493221282959,0.2644781768321991,0.1486472636461258,0.3152364492416382,0.3172391951084137,0.3168128430843353,0.3002776503562927,0.4050312638282776,0.332837849855423,0.31378087401390076,0.3324684202671051,0.4246402680873871,0.3409791886806488,0.42985135316848755,0.25048547983169556,0.6372385025024414,0.19804801046848297,0.1266418844461441,0.19114024937152863,0.25060999393463135,0.25217679142951965,0.4166671931743622,0.26185914874076843,0.21045005321502686,0.2483963668346405
7.257819652557373,1.3019343614578247,2.976187229156494,2.554008960723877,2.75056791305542,0.06338027864694595,1.6150593757629395,4.7742600440979,0.4870910346508026,0.4949284791946411,0.006019570864737034,3.5725784301757812,2.175295829772949,6.520910263061523,0.5760154128074646,2.759586811065674,0.5693985223770142,4.079232692718506,19.659408569335938,18.411827087402344,1.819229006767273,2.1060805320739746,0.08434610068798065,2.2816519737243652,2.1525986194610596,-13.965439796447754,0.00798049196600914,1.4964951276779175,0.7718392610549927,14.834639549255371,0.3672628402709961,0.6210968494415283,1.140782356262207,0.35903018712997437,-0.15311899781227112,7.244290351867676,-2.403242588043213,0.5264646410942078,0.846934974193573,0.5055469870567322,0.1475597321987152,0.48117706179618835,7.020824909210205,-0.22141078114509583,-7.729259967803955,-0.1971815526485443,2.7203781604766846,0.315585732460022,0.3788464367389679,0.33523672819137573,0.3790624737739563,0.3883243203163147,0.5354759693145752,0.516059398651123,0.3906913995742798,0.2856593430042267,0.2936533987522125,0.3014569580554962,0.3271760940551758,0.2698463201522827,0.27636009454727173,0.4674740731716156,0.2339324802160263,0.3175245225429535,0.602492094039917,0.18292644619941711,0.4018078148365021,0.3215101659297943,0.29134035110473633,0.3410354256629944,0.1392315924167633,0.25939345359802246,0.26207849383354187,0.38058483600616455,0.1795942485332489,0.3728204071521759,0.5960212349891663,0.3963172733783722,0.30023473501205444,0.53971928358078,0.41763755679130554,0.3599664568901062,0.25412195920944214,0.41833534836769104,0.46986934542655945,0.15574133396148682,0.38066282868385315,0.28063490986824036,0.1620466560125351,0.38138777017593384,0.41330310702323914,0.4073227345943451,0.3531497120857239,0.20990176498889923,0.23297171294689178,0.3666091561317444,0.20222103595733643,0.1504528969526291,0.3484540581703186,0.27921998500823975,0.19989296793937683,0.39257100224494934,0.23483118414878845,0.16415123641490936,0.5420420169830322,0.4194071888923645,0.2680233418941498,0.24658817052841187,0.41159409284591675,0.2730908691883087,0.31177982687950134,0.2224404513835907,0.41341888904571533,0.32199954986572266,0.5398411154747009,0.38565030694007874,0.36862680315971375,0.15707553923130035,0.3649401068687439,0.2054642140865326,0.4580098092556,0.3732069432735443,0.37751439213752747,0.22577302157878876,0.2391776591539383,0.34542107582092285,-0.0837799534201622,0.3577828109264374,0.581253707408905,0.25321170687675476,0.2929486334323883,0.300167441368103,0.2135978788137436,0.34171754121780396,0.17578600347042084,0.24186311662197113,0.14357039332389832,0.24398715794086456,0.2786710858345032,0.24619217216968536,0.21950869262218475,0.3136132061481476,0.18585911393165588,0.28025972843170166,0.18454775214195251,0.33906808495521545,0.3986554741859436,0.22630378603935242,0.39005863666534424,0.31419670581817627,0.21360822021961212,0.39268454909324646,0.3920207917690277,0.15043851733207703,0.3717633783817291,0.3319489657878876,0.30772486329078674,0.1714566946029663,0.31927040219306946,0.3157727122306824,0.2504349648952484,0.18177787959575653,0.28101128339767456,0.36766472458839417,0.18047048151493073,0.45091649889945984,0.164922297000885,0.1969916671514511,0.32223987579345703,0.17473705112934113,0.3323475420475006,0.4066257178783417,0.4238331615924835,0.29306498169898987,0.16137753427028656,0.07008568942546844,0.22647498548030853,0.15549837052822113,0.31240978837013245,0.313996285200119,0.3127621114253998,0.3000199496746063,0.41770437359809875,0.33561256527900696,0.313161164522171,0.3325820565223694,0.43168169260025024,0.309144526720047,0.43063119053840637,0.25460267066955566,0.6149340271949768,0.19896811246871948,0.1230376809835434,0.19063438475131989,0.25121477246284485,0.25195634365081787,0.42801380157470703,0.2527714967727661,0.21044650673866272,0.24888822436332703
7.143452167510986,1.301918387413025,3.0206186771392822,2.606518507003784,2.7504770755767822,0.31296083331108093,1.6641130447387695,4.773899078369141,0.4906963109970093,0.49525707960128784,0.0060196188278496265,3.574313163757324,2.104259729385376,7.584164142608643,0.5913468599319458,2.8959169387817383,0.5744687914848328,4.1824212074279785,19.705720901489258,18.416824340820312,1.7039446830749512,2.1444857120513916,0.1914932280778885,2.3564059734344482,2.239626407623291,-14.048952102661133,0.00798049196600914,1.2528752088546753,0.819079577922821,13.541568756103516,0.36320167779922485,0.4210313558578491,1.1471863985061646,0.3528663218021393,-0.16259463131427765,7.212462425231934,-4.581485271453857,0.5476922988891602,0.8168726563453674,0.5061423182487488,0.14630845189094543,0.4549505114555359,7.078786849975586,0.03150277957320213,-7.702413082122803,-0.20636750757694244,2.608626127243042,0.3398379385471344,0.4029625356197357,0.33638742566108704,0.3921864926815033,0.40566495060920715,0.5742902755737305,0.513178825378418,0.3195143938064575,0.28085654973983765,0.30604270100593567,0.3143329322338104,0.33653131127357483,0.25348448753356934,0.2760101854801178,0.4809854030609131,0.23635195195674896,0.3042188286781311,0.6817982792854309,0.18510735034942627,0.40121790766716003,0.32233890891075134,0.2891344726085663,0.3429776132106781,0.13238444924354553,0.25918495655059814,0.260602742433548,0.38338372111320496,0.18526683747768402,0.366704523563385,0.59429532289505,0.3843740224838257,0.2940509021282196,0.5402805805206299,0.41765090823173523,0.37130677700042725,0.25560709834098816,0.4181874096393585,0.46112751960754395,0.1467420756816864,0.39897632598876953,0.28006964921951294,0.16608141362667084,0.38147827982902527,0.4209216237068176,0.41559433937072754,0.3688165247440338,0.21441271901130676,0.24853304028511047,0.38155603408813477,0.199582040309906,0.14991925656795502,0.347719669342041,0.27827462553977966,0.18825763463974,0.4329163432121277,0.23013560473918915,0.16422735154628754,0.5411071181297302,0.4276618957519531,0.26982381939888,0.2594201862812042,0.40225398540496826,0.27595725655555725,0.3174440264701843,0.21909299492835999,0.41162624955177307,0.298433393239975,0.5388650894165039,0.33497780561447144,0.36036381125450134,0.1571151465177536,0.378031462430954,0.20758196711540222,0.4694918990135193,0.37357914447784424,0.38235414028167725,0.22608168423175812,0.23944754898548126,0.3512062728404999,-0.08388105779886246,0.3581479489803314,0.5832768678665161,0.26307716965675354,0.27534598112106323,0.31197914481163025,0.21402010321617126,0.3420070707798004,0.17553502321243286,0.24751979112625122,0.1411815583705902,0.24979718029499054,0.2781815528869629,0.2512263357639313,0.21077512204647064,0.3166749179363251,0.18405941128730774,0.25575077533721924,0.1817302256822586,0.35138681530952454,0.39900025725364685,0.22701159119606018,0.4110606014728546,0.3140435218811035,0.21267618238925934,0.3910038471221924,0.44030502438545227,0.15522357821464539,0.3997819721698761,0.2964029312133789,0.3101523816585541,0.17173433303833008,0.31429389119148254,0.311334490776062,0.25128310918807983,0.17949190735816956,0.27994304895401,0.3686378300189972,0.17822375893592834,0.46257907152175903,0.16537153720855713,0.19659115374088287,0.3185153603553772,0.1780392825603485,0.3241587281227112,0.40654149651527405,0.4236332178115845,0.27594926953315735,0.11290254443883896,0.0704820305109024,0.21867488324642181,0.16208453476428986,0.3097560703754425,0.31263479590415955,0.3067229092121124,0.29744991660118103,0.40447163581848145,0.3383544683456421,0.3131716549396515,0.3326593339443207,0.4396911561489105,0.29019397497177124,0.43997105956077576,0.26217690110206604,0.5567204356193542,0.21254949271678925,0.11401787400245667,0.19021286070346832,0.2513068914413452,0.25176841020584106,0.42167118191719055,0.25063568353652954,0.21044446527957916,0.24842672049999237
7.228837966918945,1.301893949508667,3.050494432449341,3.3615481853485107,2.7503726482391357,0.4670172929763794,1.704296350479126,4.77341365814209,0.49360209703445435,0.49565836787223816,0.0060196551494300365,3.5790085792541504,2.03964900970459,8.12114429473877,0.6144548058509827,2.9803857803344727,0.5757583975791931,4.452889442443848,19.749168395996094,18.421504974365234,1.6200060844421387,2.1809325218200684,0.26834428310394287,2.365943431854248,2.339006185531616,-14.118796348571777,0.00798049196600914,1.0973622798919678,0.844096839427948,11.955381393432617,0.35948434472084045,0.30192357301712036,1.1612131595611572,0.34694617986679077,-0.17201918363571167,6.825155258178711,-6.811811447143555,0.571103036403656,0.7853741645812988,0.5065911412239075,0.15794365108013153,0.5161954164505005,6.752620220184326,0.5578218698501587,-7.673794746398926,-0.21382370591163635,2.533241033554077,0.34262311458587646,0.42902088165283203,0.33733901381492615,0.4065138101577759,0.44968628883361816,0.6228868961334229,0.5105619430541992,0.2739115059375763,0.29417717456817627,0.33332765102386475,0.3265378475189209,0.34966593980789185,0.27435097098350525,0.27780094742774963,0.4853259027004242,0.24997517466545105,0.2916504740715027,0.7631481289863586,0.18696646392345428,0.40184757113456726,0.3300967514514923,0.2871089577674866,0.34474876523017883,0.1275692731142044,0.2588054835796356,0.2624182105064392,0.4042506814002991,0.1949724406003952,0.36699017882347107,0.593445360660553,0.3796163499355316,0.2890143096446991,0.5350770354270935,0.41765978932380676,0.3581162691116333,0.25701820850372314,0.4180780351161957,0.46527400612831116,0.14874805510044098,0.4150795340538025,0.28235334157943726,0.16972041130065918,0.3909742534160614,0.4427846074104309,0.428375780582428,0.3903134763240814,0.23801420629024506,0.26773765683174133,0.4015120565891266,0.19555866718292236,0.14755810797214508,0.3471437692642212,0.27912309765815735,0.18175934255123138,0.45619431138038635,0.24070711433887482,0.16855229437351227,0.540458083152771,0.4413526952266693,0.2613781690597534,0.2726163864135742,0.40921223163604736,0.27853676676750183,0.32058122754096985,0.22699113190174103,0.41384729743003845,0.28997188806533813,0.5379807353019714,0.3034006357192993,0.3519107699394226,0.1571868509054184,0.3948080539703369,0.20918169617652893,0.4642234444618225,0.3738427758216858,0.4033863842487335,0.2263125628232956,0.2660556733608246,0.3719559907913208,-0.08394923806190491,0.35831156373023987,0.5850908756256104,0.281782329082489,0.26280465722084045,0.24366652965545654,0.21491004526615143,0.3425435423851013,0.17390531301498413,0.25430041551589966,0.13869524002075195,0.25696495175361633,0.27581632137298584,0.2608928084373474,0.2096354365348816,0.3189793527126312,0.18259282410144806,0.2383999079465866,0.1788800209760666,0.3559504747390747,0.39227157831192017,0.2276136726140976,0.41938745975494385,0.31391119956970215,0.21054768562316895,0.38941386342048645,0.48673856258392334,0.16234196722507477,0.41344544291496277,0.28594890236854553,0.311328649520874,0.17207281291484833,0.39618563652038574,0.30714359879493713,0.25695526599884033,0.18106168508529663,0.2792174518108368,0.3718850612640381,0.17746958136558533,0.47261834144592285,0.16530193388462067,0.19619639217853546,0.3208911716938019,0.17960107326507568,0.3191048800945282,0.4065096974372864,0.4234800636768341,0.2643029987812042,0.10749730467796326,0.0706792026758194,0.214161217212677,0.1712053269147873,0.3102097511291504,0.31280210614204407,0.30507892370224,0.2958376705646515,0.4048575460910797,0.33954355120658875,0.3137393295764923,0.3328108787536621,0.44867056608200073,0.28420478105545044,0.4610760509967804,0.2751951515674591,0.5053881406784058,0.2292255163192749,0.11001591384410858,0.1898772269487381,0.2510940134525299,0.25162211060523987,0.416791170835495,0.2549240291118622,0.21044331789016724,0.24741820991039276
6.650004863739014,1.301869511604309,3.0703725814819336,4.11161470413208,2.7502145767211914,0.5802288055419922,1.6989268064498901,4.77263069152832,0.4959307610988617,0.4960499405860901,0.0060197110287845135,3.593670129776001,1.9755362272262573,8.348441123962402,0.6376722455024719,2.927882194519043,0.5753068327903748,5.165574073791504,19.784128189086914,18.425003051757812,1.5535550117492676,2.225071430206299,0.32727935910224915,2.0224833488464355,2.445586681365967,-14.177367210388184,0.00798049196600914,0.9856134057044983,0.8492593169212341,10.180306434631348,0.3565395772457123,0.16965986788272858,1.1810274124145508,0.3429426848888397,-0.18140752613544464,5.764825820922852,-8.296478271484375,0.5982117056846619,0.7535132169723511,0.5069214701652527,0.16313154995441437,0.6478961110115051,5.574795722961426,1.4606596231460571,-7.6462273597717285,-0.21989309787750244,2.506753444671631,0.3400813341140747,0.44386982917785645,0.3381251394748688,0.4208567440509796,0.5098280310630798,0.6543578505516052,0.5085246562957764,0.27918460965156555,0.3585990369319916,0.3715039789676666,0.3370526432991028,0.36226698756217957,0.2809779644012451,0.2791949212551117,0.4867236614227295,0.24605731666088104,0.2843930423259735,0.786440908908844,0.18854741752147675,0.4031202793121338,0.35045066475868225,0.28562140464782715,0.3462549149990082,0.12875227630138397,0.2583637833595276,0.2673071324825287,0.4006032943725586,0.20701918005943298,0.36567774415016174,0.594880998134613,0.3718346953392029,0.2857150733470917,0.5278165340423584,0.41766566038131714,0.3445817232131958,0.2582656443119049,0.4179968535900116,0.4713316261768341,0.1563548743724823,0.4279744029045105,0.2849120795726776,0.17205673456192017,0.40261924266815186,0.5015543699264526,0.44499170780181885,0.39664745330810547,0.265531450510025,0.259032279253006,0.4270002543926239,0.19026759266853333,0.14502185583114624,0.346730500459671,0.27973344922065735,0.20784319937229156,0.41533970832824707,0.27982792258262634,0.17392337322235107,0.5400607585906982,0.49005112051963806,0.2604895830154419,0.2873500883579254,0.41171780228614807,0.278046190738678,0.32031354308128357,0.24568697810173035,0.42673179507255554,0.29070913791656494,0.5371149778366089,0.29030078649520874,0.34427115321159363,0.15725013613700867,0.4086398482322693,0.21030959486961365,0.45861005783081055,0.37400463223457336,0.3664375841617584,0.22650721669197083,0.2664490342140198,0.40412837266921997,-0.08399557322263718,0.35834452509880066,0.5866696834564209,0.3180859088897705,0.25574469566345215,0.20168958604335785,0.2161283642053604,0.3425814211368561,0.17498145997524261,0.2594873607158661,0.1356385499238968,0.2652636766433716,0.2774650752544403,0.29159197211265564,0.24062617123126984,0.32077115774154663,0.18139971792697906,0.22333742678165436,0.1761177033185959,0.3633369207382202,0.38394439220428467,0.22809666395187378,0.419319748878479,0.31381741166114807,0.20728571712970734,0.3883395493030548,0.35540610551834106,0.1636756956577301,0.42595478892326355,0.3457403779029846,0.311003714799881,0.17240631580352783,0.4250786602497101,0.3032662570476532,0.27182117104530334,0.18897584080696106,0.27869725227355957,0.376281201839447,0.1771283745765686,0.47701743245124817,0.16545528173446655,0.19593879580497742,0.3285050690174103,0.18175658583641052,0.31534498929977417,0.4065065085887909,0.42336639761924744,0.2816978693008423,0.10897977650165558,0.07076497375965118,0.21070729196071625,0.17704498767852783,0.30819106101989746,0.31350165605545044,0.31300443410873413,0.29431912302970886,0.3748725652694702,0.339443564414978,0.314525306224823,0.3325463533401489,0.4572807550430298,0.2728908360004425,0.48768913745880127,0.2915363609790802,0.4790917932987213,0.2428802102804184,0.10848488658666611,0.18960431218147278,0.25069376826286316,0.25151699781417847,0.4141276776790619,0.2648715376853943,0.2104426771402359,0.24630776047706604
6.494970321655273,1.3017380237579346,3.0837197303771973,4.2614288330078125,2.750854730606079,0.6997206211090088,1.6624014377593994,4.771406650543213,0.4977806508541107,0.4963882863521576,0.006019725929945707,3.616007089614868,1.905333399772644,7.338495254516602,0.645627498626709,2.9705088138580322,0.5745187401771545,6.60548210144043,19.81574058532715,18.426414489746094,1.5199753046035767,2.3234453201293945,0.35455256700515747,0.9896007180213928,2.5590932369232178,-14.226255416870117,0.00798049196600914,0.8994517922401428,0.8384434580802917,8.3610200881958,0.3558289110660553,-0.07994168251752853,1.2052797079086304,0.3415442407131195,-0.19077400863170624,4.1077656745910645,-8.784289360046387,0.6287334561347961,0.7222198843955994,0.5070996284484863,0.1603875756263733,0.8440737128257751,3.7024648189544678,2.8222568035125732,-7.621020317077637,-0.22576721012592316,2.516538381576538,0.32587340474128723,0.43797314167022705,0.33877190947532654,0.4350174367427826,0.5744409561157227,0.6901994943618774,0.5071851015090942,0.31761208176612854,0.4166269302368164,0.41313105821609497,0.3452669084072113,0.3597276210784912,0.2741379141807556,0.28202372789382935,0.4939849078655243,0.25307971239089966,0.28339678049087524,0.7793743014335632,0.18988913297653198,0.4045194685459137,0.389545202255249,0.2847827970981598,0.34745317697525024,0.14169210195541382,0.25793638825416565,0.2737049162387848,0.4077814221382141,0.21570423245429993,0.3491653800010681,0.5987707376480103,0.3551219701766968,0.2843568027019501,0.518846333026886,0.41766953468322754,0.32639279961586,0.2592945694923401,0.41793668270111084,0.4731239080429077,0.1675378531217575,0.4361625909805298,0.30004289746284485,0.17168530821800232,0.3902490735054016,0.5297214984893799,0.462280809879303,0.4126787483692169,0.26351380348205566,0.2559434771537781,0.44839105010032654,0.18478204309940338,0.14466041326522827,0.3464522361755371,0.28255516290664673,0.3127405643463135,0.3626748025417328,0.3482009768486023,0.17443308234214783,0.5397908091545105,0.5771344900131226,0.26796653866767883,0.3033406138420105,0.40210872888565063,0.28109657764434814,0.3169029653072357,0.2746995985507965,0.44416555762290955,0.2983942925930023,0.5362673401832581,0.27955007553100586,0.33861044049263,0.157304048538208,0.41255518794059753,0.21103253960609436,0.46253564953804016,0.37408697605133057,0.3382044732570648,0.22668252885341644,0.28464439511299133,0.4447624087333679,-0.08402692526578903,0.35830196738243103,0.5878698825836182,0.3722979426383972,0.2628825604915619,0.18130157887935638,0.21767587959766388,0.3421703577041626,0.17942972481250763,0.2672443091869354,0.13309912383556366,0.27410632371902466,0.2748525142669678,0.33521437644958496,0.2762414515018463,0.3218691051006317,0.18043039739131927,0.21144059300422668,0.17348574101924896,0.3817959725856781,0.37422454357147217,0.22846636176109314,0.4189298748970032,0.31376123428344727,0.20588771998882294,0.38541391491889954,0.3890540301799774,0.16845819354057312,0.44463592767715454,0.3143532872200012,0.3123915195465088,0.1727607399225235,0.3660306930541992,0.29973772168159485,0.300067663192749,0.23599115014076233,0.27832040190696716,0.37647271156311035,0.17740783095359802,0.4779709577560425,0.16590385138988495,0.19579166173934937,0.3396870493888855,0.18486599624156952,0.302532434463501,0.4065239131450653,0.42327848076820374,0.39175155758857727,0.11769187450408936,0.07066871225833893,0.20988497138023376,0.17892839014530182,0.312791109085083,0.31435367465019226,0.32269707322120667,0.2943975329399109,0.3423781096935272,0.34010136127471924,0.3153654932975769,0.3324163854122162,0.46663206815719604,0.3035176694393158,0.47934991121292114,0.29861897230148315,0.46789151430130005,0.25470486283302307,0.10896626859903336,0.1893831342458725,0.25011637806892395,0.2514471113681793,0.4165012240409851,0.2794671654701233,0.21044228971004486,0.24539099633693695
6.7491044998168945,1.3524779081344604,3.03023362159729,3.690164804458618,2.7510035037994385,0.9432209134101868,1.6086421012878418,4.769771575927734,0.49922528862953186,0.4966571033000946,0.006019738037139177,3.6443307399749756,1.8203251361846924,8.078971862792969,0.6377385258674622,3.333189010620117,0.5749474167823792,6.893178939819336,19.841930389404297,18.429920196533203,1.5084490776062012,-0.365471750497818,0.393948495388031,0.6348401308059692,2.679243803024292,-14.266104698181152,0.007980491034686565,0.8395686745643616,0.815922737121582,6.6459174156188965,0.3572794795036316,-0.5648565888404846,1.232749581336975,0.34311607480049133,-0.20013287663459778,2.3074567317962646,-8.929580688476562,0.6644363403320312,0.6923153400421143,0.5071299076080322,0.15397395193576813,1.1057803630828857,2.1141574382781982,4.364639759063721,-7.598645210266113,-0.23111894726753235,2.542997121810913,0.3279567360877991,0.43400904536247253,0.3393007814884186,0.44766613841056824,0.6367288827896118,0.6989288926124573,0.506515383720398,0.37057197093963623,0.46428462862968445,0.4436148405075073,0.3507109582424164,0.35275620222091675,0.2661685049533844,0.2866797149181366,0.517332911491394,0.2543562948703766,0.28717902302742004,0.786874532699585,0.19102588295936584,0.40567493438720703,0.45247140526771545,0.28452715277671814,0.34833580255508423,0.16665218770503998,0.2575860619544983,0.27911773324012756,0.4273337721824646,0.19012658298015594,0.3540615141391754,0.6026844382286072,0.34875351190567017,0.2848151922225952,0.5118916034698486,0.4176720976829529,0.3116074800491333,0.26008370518684387,0.4178920090198517,0.4778227210044861,0.18021906912326813,0.4386238157749176,0.3158756196498871,0.16774055361747742,0.4014871418476105,0.5373706221580505,0.47517627477645874,0.4294072985649109,0.27716389298439026,0.2651667296886444,0.4647398889064789,0.17920924723148346,0.14647330343723297,0.3462628126144409,0.2821213901042938,0.3732817471027374,0.3512328267097473,0.38398635387420654,0.16773942112922668,0.5396344661712646,0.628675639629364,0.2705572247505188,0.31209105253219604,0.38583192229270935,0.27527332305908203,0.31193622946739197,0.30447477102279663,0.44938552379608154,0.29856979846954346,0.5354962348937988,0.2733972668647766,0.3357434868812561,0.15734148025512695,0.4076588451862335,0.21142877638339996,0.46457839012145996,0.3741162419319153,0.358847975730896,0.22683627903461456,0.2850050926208496,0.4876396656036377,-0.08404764533042908,0.35822319984436035,0.5888407230377197,0.4048265218734741,0.28006184101104736,0.1716584861278534,0.2188875824213028,0.34256401658058167,0.19318775832653046,0.2776620388031006,0.13075342774391174,0.2826772630214691,0.2783485949039459,0.36115574836730957,0.2698631286621094,0.3226653039455414,0.17964428663253784,0.20648854970932007,0.17109470069408417,0.38230234384536743,0.35807958245277405,0.22873103618621826,0.4093700349330902,0.3137340247631073,0.20490942895412445,0.3835741877555847,0.4683910310268402,0.17897607386112213,0.4568999111652374,0.3317089378833771,0.31813105940818787,0.17293046414852142,0.3791314959526062,0.29654741287231445,0.34935837984085083,0.2874352037906647,0.2780371606349945,0.3551478087902069,0.1816876083612442,0.4815197288990021,0.1660514771938324,0.19575537741184235,0.35260748863220215,0.19037187099456787,0.284139484167099,0.4065540134906769,0.4232081174850464,0.4683113694190979,0.13155363500118256,0.070599265396595,0.21421703696250916,0.18167778849601746,0.32496410608291626,0.31518372893333435,0.3201114237308502,0.2959305942058563,0.3475431799888611,0.3408600389957428,0.31561580300331116,0.33217355608940125,0.4749349355697632,0.3714730143547058,0.44078993797302246,0.30697470903396606,0.4643813967704773,0.2601079046726227,0.11108510196208954,0.18920540809631348,0.2494288980960846,0.2514065206050873,0.4434179663658142,0.29542046785354614,0.21044209599494934,0.24481356143951416
7.464444160461426,1.3635668754577637,2.900179862976074,3.7194771766662598,2.751028537750244,1.0564571619033813,1.5020196437835693,4.768471717834473,0.5003324747085571,0.4968232810497284,0.006019747816026211,3.6795289516448975,1.7160025835037231,8.340285301208496,0.6261887550354004,7.940943241119385,0.5758553743362427,5.855597496032715,19.862716674804688,18.433704376220703,1.5024619102478027,-0.018144411966204643,0.4579602777957916,0.6426488161087036,2.7996909618377686,-14.298961639404297,0.007980491034686565,0.8076989650726318,0.7854597568511963,5.145407676696777,0.3622840940952301,-1.4574052095413208,1.262406826019287,0.345611035823822,-0.20949795842170715,1.0635230541229248,-9.123367309570312,0.7058715224266052,0.6645703315734863,0.5070482492446899,0.14848217368125916,1.435253381729126,1.3182917833328247,5.210311412811279,-7.579129695892334,-0.23564216494560242,2.56972074508667,0.3639349639415741,0.4309890568256378,0.33973053097724915,0.4603218138217926,0.6879404783248901,0.6927300691604614,0.5063917636871338,0.3874261975288391,0.4731495678424835,0.44993066787719727,0.35011234879493713,0.35188496112823486,0.2636640965938568,0.28834834694862366,0.5604261159896851,0.26951736211776733,0.3034829795360565,0.809511125087738,0.19198749959468842,0.40639370679855347,0.48946112394332886,0.28469234704971313,0.3489243984222412,0.19347690045833588,0.25730934739112854,0.2823439836502075,0.46270620822906494,0.1691870242357254,0.37514132261276245,0.6070407032966614,0.340526282787323,0.28667134046554565,0.5045604109764099,0.41767382621765137,0.2959255874156952,0.26063641905784607,0.41785871982574463,0.4834609627723694,0.2017911970615387,0.43568041920661926,0.3514977991580963,0.16454067826271057,0.4158118665218353,0.5466926693916321,0.480240136384964,0.4385022521018982,0.28450655937194824,0.28821730613708496,0.47015276551246643,0.17390944063663483,0.1503862589597702,0.3461924195289612,0.27593299746513367,0.3821330666542053,0.3104289174079895,0.3425770103931427,0.1649908423423767,0.5396177172660828,0.6260610222816467,0.2597804367542267,0.31710150837898254,0.3976871371269226,0.2709813714027405,0.30727720260620117,0.3276638686656952,0.45021292567253113,0.3045346140861511,0.5348340272903442,0.2754743993282318,0.3350382447242737,0.15735700726509094,0.3940145969390869,0.21156801283359528,0.469009667634964,0.374114453792572,0.38149601221084595,0.2269611954689026,0.28283825516700745,0.5096251368522644,-0.0840616226196289,0.3581356704235077,0.5897095203399658,0.41216641664505005,0.29351502656936646,0.16734111309051514,0.21965356171131134,0.34231406450271606,0.18368753790855408,0.28252488374710083,0.12855127453804016,0.2907830774784088,0.2778998017311096,0.3743448257446289,0.2323521226644516,0.32290539145469666,0.17900684475898743,0.24109084904193878,0.16894060373306274,0.3660646677017212,0.30490484833717346,0.22889193892478943,0.3714119493961334,0.3137255012989044,0.204957515001297,0.38220182061195374,0.5187920928001404,0.1805533915758133,0.4788009822368622,0.3449448049068451,0.3272835910320282,0.17318665981292725,0.33257707953453064,0.2936697006225586,0.40069836378097534,0.2752651572227478,0.2778065502643585,0.3296660780906677,0.25555261969566345,0.4815492630004883,0.16593943536281586,0.19582022726535797,0.3658573031425476,0.19736750423908234,0.280053049325943,0.4065893888473511,0.4231508672237396,0.38118410110473633,0.15486237406730652,0.07060792297124863,0.21940624713897705,0.17777426540851593,0.3363543152809143,0.31406769156455994,0.31271466612815857,0.29919376969337463,0.38335296511650085,0.3387352228164673,0.31518203020095825,0.3317524194717407,0.4824044108390808,0.39296093583106995,0.358978807926178,0.3191194534301758,0.46477192640304565,0.2605937719345093,0.11444396525621414,0.1890498399734497,0.2487073391675949,0.25138744711875916,0.4514837861061096,0.3060280382633209,0.2104419767856598,0.24461781978607178
7.036632061004639,1.370229959487915,2.791807174682617,3.9074909687042236,2.7510266304016113,1.0847562551498413,1.108522653579712,4.767840385437012,0.5011655688285828,0.4966951012611389,0.006019755266606808,3.7498838901519775,1.5944912433624268,8.377777099609375,0.6210025548934937,6.031974792480469,0.5765059590339661,6.087789535522461,19.882448196411133,18.433300018310547,1.4961118698120117,0.11930181831121445,0.42162421345710754,0.6143953204154968,2.920689105987549,-14.325765609741211,0.007980491034686565,0.8067768812179565,0.7503597140312195,3.9211068153381348,0.36974194645881653,-2.907749652862549,1.2934801578521729,0.34844914078712463,-0.21888308227062225,0.5555570125579834,-9.412887573242188,0.7542833089828491,0.6398311257362366,0.5069007277488708,0.1501549333333969,1.8347781896591187,0.9198905229568481,5.123404026031494,-7.562269687652588,-0.23970812559127808,2.5872840881347656,0.37033170461654663,0.4224736988544464,0.34007757902145386,0.46899572014808655,0.7172744274139404,0.6834545135498047,0.506645143032074,0.39612868428230286,0.4517996311187744,0.4273526966571808,0.34734731912612915,0.3549526631832123,0.26833128929138184,0.2873004376888275,0.6115579009056091,0.29140979051589966,0.3296366035938263,0.8292238712310791,0.19280008971691132,0.40664514899253845,0.4630351960659027,0.2850872278213501,0.3492615520954132,0.20290565490722656,0.2571142315864563,0.28360021114349365,0.46439072489738464,0.15340100228786469,0.38545548915863037,0.6103096604347229,0.3358690142631531,0.289292573928833,0.4976732134819031,0.4176748991012573,0.2746352553367615,0.26097410917282104,0.4178338944911957,0.4945293068885803,0.254636287689209,0.4283493757247925,0.3943043351173401,0.16015790402889252,0.38881781697273254,0.503336489200592,0.4655807614326477,0.4583229124546051,0.2746075987815857,0.31775835156440735,0.4717618525028229,0.16907837986946106,0.1556166708469391,0.34624987840652466,0.27130311727523804,0.35691118240356445,0.25151950120925903,0.29620125889778137,0.16474851965904236,0.5397499799728394,0.5320811867713928,0.2556936740875244,0.3187323212623596,0.358210951089859,0.26656192541122437,0.304478257894516,0.33504706621170044,0.443785697221756,0.3169429898262024,0.5342119932174683,0.3195660412311554,0.33562806248664856,0.15734675526618958,0.37331128120422363,0.21151284873485565,0.4469250738620758,0.3740916848182678,0.3915456533432007,0.22706568241119385,0.31146469712257385,0.48377102613449097,-0.0840708538889885,0.3580523133277893,0.5905112028121948,0.4088860750198364,0.30928942561149597,0.16610287129878998,0.21970555186271667,0.3420889973640442,0.17740750312805176,0.28096118569374084,0.12646372616291046,0.2978275716304779,0.2742709517478943,0.37010934948921204,0.2098304182291031,0.3230609595775604,0.17849101126194,0.2963416874408722,0.16693490743637085,0.3838983178138733,0.28029918670654297,0.22903111577033997,0.3053167164325714,0.31372693181037903,0.2052965760231018,0.3819822072982788,0.5621763467788696,0.18177779018878937,0.4830021858215332,0.3266161382198334,0.34182798862457275,0.17342627048492432,0.2912251651287079,0.2910826504230499,0.3951748311519623,0.2599962055683136,0.27762094140052795,0.2877383828163147,0.22741053998470306,0.47790583968162537,0.16591499745845795,0.19562990963459015,0.3781556487083435,0.20411622524261475,0.2855885922908783,0.40663138031959534,0.4230787456035614,0.37341099977493286,0.18401864171028137,0.07068120688199997,0.21839864552021027,0.17334668338298798,0.35153377056121826,0.3132447600364685,0.3172844648361206,0.30429598689079285,0.43395447731018066,0.3346719741821289,0.31458979845046997,0.33131879568099976,0.47900745272636414,0.36972475051879883,0.23884929716587067,0.33418402075767517,0.46893319487571716,0.2632988691329956,0.11861015111207962,0.18891631066799164,0.24800996482372284,0.25138258934020996,0.4453546106815338,0.30508601665496826,0.21044188737869263,0.24473796784877777
6.804481029510498,1.3758440017700195,2.7509262561798096,4.096104621887207,2.751021385192871,1.129412055015564,0.9922342896461487,4.764037132263184,0.5014916658401489,0.4944559931755066,0.006019760854542255,5.610041618347168,1.5017765760421753,8.481759071350098,0.6183908581733704,7.22107458114624,0.5359388589859009,6.3516998291015625,19.91204261779785,18.434659957885742,1.493999719619751,-0.13774451613426208,0.2183045893907547,0.5833196640014648,3.039259433746338,-14.347698211669922,0.007980491034686565,0.8424422144889832,0.7136444449424744,2.9975950717926025,0.3797498643398285,-4.559870719909668,1.325179934501648,0.35369840264320374,-0.2283022105693817,0.4143649637699127,-9.716800689697266,0.8106130957603455,0.6193102598190308,0.5067301988601685,0.16708269715309143,2.3114280700683594,0.6442914009094238,4.494386672973633,-7.5477752685546875,-0.24370881915092468,2.5933797359466553,0.35493549704551697,0.4112359583377838,0.34035634994506836,0.47495824098587036,0.7136270999908447,0.6590673327445984,0.5071108937263489,0.38928651809692383,0.4120274782180786,0.38305214047431946,0.3433048725128174,0.34130266308784485,0.2844718396663666,0.2861699163913727,0.6598842144012451,0.32107365131378174,0.349145770072937,0.8124510049819946,0.19348600506782532,0.40651559829711914,0.38307905197143555,0.28554341197013855,0.3493960499763489,0.2081303745508194,0.2570027709007263,0.2830386161804199,0.45793798565864563,0.14468348026275635,0.3927799165248871,0.6124157905578613,0.3361348509788513,0.29198306798934937,0.49129995703697205,0.4176756739616394,0.25890567898750305,0.26113006472587585,0.41781532764434814,0.4971923232078552,0.40598416328430176,0.41818302869796753,0.37318986654281616,0.15432816743850708,0.3624225854873657,0.3939390182495117,0.43873801827430725,0.4738825857639313,0.2750793993473053,0.3310755491256714,0.43890514969825745,0.16478264331817627,0.16030925512313843,0.3463532328605652,0.26758405566215515,0.33950093388557434,0.20529885590076447,0.2605705261230469,0.16388151049613953,0.5400121808052063,0.46121978759765625,0.2671619951725006,0.3165508806705475,0.3676641583442688,0.26260581612586975,0.3045639395713806,0.3237176537513733,0.43482521176338196,0.32582148909568787,0.5336121916770935,0.38191044330596924,0.3365233838558197,0.15733057260513306,0.35055768489837646,0.21132425963878632,0.41884055733680725,0.37407374382019043,0.37168341875076294,0.22715431451797485,0.3473227918148041,0.44702932238578796,-0.08407656103372574,0.3579829931259155,0.5912044048309326,0.41143494844436646,0.32997947931289673,0.1684279888868332,0.21952493488788605,0.3421330153942108,0.1744786500930786,0.26481378078460693,0.12408646196126938,0.30354341864585876,0.2769613265991211,0.3791992962360382,0.1987958699464798,0.3229576349258423,0.1780737340450287,0.3375389873981476,0.16501647233963013,0.4004487991333008,0.275651216506958,0.229146808385849,0.2412814050912857,0.3137323260307312,0.206332266330719,0.38296180963516235,0.5989764928817749,0.1836394965648651,0.4935980439186096,0.31562796235084534,0.34332674741744995,0.17370814085006714,0.25854092836380005,0.2887870669364929,0.3652766942977905,0.26120924949645996,0.2774675488471985,0.24566742777824402,0.19769299030303955,0.4733313024044037,0.16615283489227295,0.194910928606987,0.3886033892631531,0.21250641345977783,0.2975011169910431,0.40667077898979187,0.42301830649375916,0.3635403513908386,0.21173864603042603,0.0708145722746849,0.215387225151062,0.16814610362052917,0.36557748913764954,0.3133246898651123,0.3135133981704712,0.308946430683136,0.4582480192184448,0.32917535305023193,0.3131699562072754,0.33053454756736755,0.45808592438697815,0.3705715239048004,0.18298973143100739,0.34715041518211365,0.47565385699272156,0.23877520859241486,0.12370717525482178,0.18881303071975708,0.24732521176338196,0.25138625502586365,0.43216949701309204,0.29550957679748535,0.21044184267520905,0.24504998326301575
6.79534387588501,1.3882709741592407,2.719362258911133,4.178475856781006,2.7510247230529785,1.1259926557540894,0.9681839346885681,4.758450984954834,0.2866343855857849,0.2370459884405136,0.006019765976816416,5.890739917755127,1.444425106048584,8.512240409851074,0.6172397136688232,8.73823356628418,0.27524393796920776,6.164188861846924,19.92950439453125,18.433963775634766,-6.158798694610596,-0.006684746127575636,-0.07664662599563599,0.5569620132446289,3.155534029006958,-14.365817070007324,0.007980491034686565,0.921401858329773,0.6778420805931091,2.388291835784912,0.3920062184333801,-5.237536430358887,1.356876254081726,0.3617365062236786,-0.23776909708976746,0.35747453570365906,-9.961202621459961,0.876085638999939,0.6050308346748352,0.5065634250640869,0.21459585428237915,2.8822755813598633,0.4202245771884918,3.587613821029663,-7.535336971282959,-0.248347669839859,2.5907247066497803,0.3317936360836029,0.39839985966682434,0.34057945013046265,0.48103439807891846,0.6381632089614868,0.6068869233131409,0.50764399766922,0.3526504337787628,0.3766103684902191,0.3244885802268982,0.337542325258255,0.3280140459537506,0.3147125840187073,0.28477391600608826,0.6973134279251099,0.320722758769989,0.35356125235557556,0.7658637166023254,0.19406452775001526,0.40615084767341614,0.32437267899513245,0.285940557718277,0.34937775135040283,0.2096499651670456,0.25693535804748535,0.2808373272418976,0.44479453563690186,0.13915804028511047,0.3906439244747162,0.6134050488471985,0.33133283257484436,0.29415273666381836,0.4926377534866333,0.4176761209964752,0.25164538621902466,0.26114287972450256,0.4178014099597931,0.49125194549560547,0.5169858932495117,0.40670695900917053,0.34454160928726196,0.14853303134441376,0.34694549441337585,0.30586719512939453,0.4117927849292755,0.4525655210018158,0.28944116830825806,0.3226461112499237,0.40175992250442505,0.16115473210811615,0.16348813474178314,0.3465580344200134,0.26640784740448,0.32230475544929504,0.1828501671552658,0.2306196093559265,0.16587074100971222,0.5404004454612732,0.4328458309173584,0.27004021406173706,0.315694123506546,0.3960641920566559,0.25906479358673096,0.3079775869846344,0.29077500104904175,0.44104963541030884,0.31536778807640076,0.5327156186103821,0.437690407037735,0.33714744448661804,0.1573110967874527,0.32831987738609314,0.21103794872760773,0.41904962062835693,0.3740994930267334,0.35846278071403503,0.22722947597503662,0.3447822034358978,0.41479745507240295,-0.08408012986183167,0.3579305410385132,0.5918295979499817,0.41757771372795105,0.3384988009929657,0.17481504380702972,0.21985174715518951,0.34132757782936096,0.17409759759902954,0.2595156729221344,0.12117212265729904,0.30790477991104126,0.2838279604911804,0.357873797416687,0.19292762875556946,0.3228455185890198,0.17773662507534027,0.33894848823547363,0.16310052573680878,0.40622657537460327,0.2512124478816986,0.22928491234779358,0.19230739772319794,0.3137381672859192,0.20593905448913574,0.38464146852493286,0.4056921899318695,0.1831343024969101,0.4861370325088501,0.413276344537735,0.34518399834632874,0.17402435839176178,0.24955737590789795,0.2866235077381134,0.38196033239364624,0.33110493421554565,0.2771720886230469,0.2005002647638321,0.18544983863830566,0.4616445302963257,0.16622775793075562,0.19357141852378845,0.39630740880966187,0.22927001118659973,0.2918205261230469,0.4067073464393616,0.4229688346385956,0.46317753195762634,0.23233504593372345,0.07099176943302155,0.21432949602603912,0.16153845191001892,0.3768876791000366,0.31356287002563477,0.31190234422683716,0.31099945306777954,0.44919607043266296,0.3158375322818756,0.31148096919059753,0.3294944763183594,0.43409356474876404,0.3670025169849396,0.15681275725364685,0.35234206914901733,0.4859059453010559,0.22469590604305267,0.13110025227069855,0.18872947990894318,0.24668684601783752,0.25139424204826355,0.4079786241054535,0.2832862436771393,0.21044182777404785,0.2454248070716858
